Drug,Targets
aripiprazole,"['ALB', 'DRD2', 'ADRA2B', 'HTR1A', 'HRH3', 'HRH1', 'SLC6A4', 'CYP3A5', 'HTR5A', 'HRH2', 'HTR2C', 'CYP3A7', 'HTR1E', 'HRH4', 'DRD4', 'HTR6', 'SLC6A3', 'CYP3A4', 'ADRA1A', 'CHRM4', 'CHRM2', 'DRD1', 'CHRM1', 'ADRA1B', 'DRD3', 'CYP2D6', 'HTR1B', 'HTR2B', 'CHRM3', 'ADRB1', 'CHRM5', 'DRD5', 'ADRB2', 'OPRD1', 'ADRA2A', 'HTR7', 'ADRA2C', 'OPRM1', 'OPRK1', 'HTR2A', 'HTR1D', 'HTR3A']"
zonisamide,"['SCN11A', 'CA8', 'CA9', 'SCN1A', 'SCN1B', 'CA4', 'CYP3A5', 'CA5A', 'CA11', 'SCN9A', 'CYP3A4', 'SCN4A', 'CYP2C19', 'CA5B', 'SCN5A', 'SCN4B', 'CA7', 'CA6', 'CA3', 'SCN3B', 'CA1', 'SCN2A', 'CACNA1I', 'CA12', 'CA2', 'CA13', 'CACNA1G', 'CA14', 'UGT1A1', 'AOX1', 'ABCB1', 'MAOB', 'SCN3A', 'CACNA1H', 'SCN2B', 'MAOA', 'CA10']"
clozapine,"['DRD2', 'ADRA2B', 'CYP1A1', 'HTR1A', 'HRH1', 'HTR2C', 'HRH4', 'HTR1E', 'DRD4', 'CYP2C8', 'HTR6', 'GSTP1', 'CYP3A4', 'ADRA1A', 'CHRM4', 'CHRM2', 'CYP2C19', 'DRD1', 'CHRM1', 'ADRA1B', 'CYP2C9', 'DRD3', 'CYP2D6', 'HTR1B', 'CHRM3', 'CHRM5', 'CYP2A6', 'ADRA2A', 'HTR7', 'ADRA2C', 'CALY', 'HTR2A', 'ABCB1', 'CYP1A2', 'HTR1D', 'HTR3A']"
amitriptyline,"['ALB', 'KCNA1', 'ORM1', 'HTR1A', 'HRH1', 'SLC6A4', 'CYP3A5', 'HRH2', 'KCNQ2', 'HTR2C', 'HRH4', 'CYP2C8', 'HTR6', 'ADRA1D', 'CYP3A4', 'ADRA1A', 'CYP2B6', 'CYP2C19', 'ADRA1B', 'CYP2C9', 'CYP2D6', 'HTR1B', 'NTRK2', 'OPRD1', 'SLC6A2', 'ADRA2A', 'NTRK1', 'HTR7', 'OPRM1', 'OPRK1', 'HTR2A', 'ABCB1', 'KCNQ3', 'CYP1A2', 'HTR1D', 'SIGMAR1']"
imipramine,"['ALB', 'DRD2', 'CYP2E1', 'ORM1', 'HTR1A', 'HRH1', 'SLC6A4', 'HTR2C', 'CYP3A7', 'HTR6', 'SLC6A3', 'ADRA1D', 'KCNH2', 'CYP3A4', 'ADRA1A', 'CHRM4', 'CYP2B6', 'CYP2C19', 'CHRM2', 'CHRM1', 'ADRA1B', 'KCNH1', 'CYP2D6', 'SLC22A4', 'CHRM3', 'CHRM5', 'ORM2', 'CYP2C18', 'SLC6A2', 'HTR7', 'KCND2', 'HTR2A', 'ABCB1', 'KCND3', 'CYP1A2']"
tamoxifen,"['ALB', 'CYP1B1', 'SULT1A1', 'CYP2E1', 'CYP1A1', 'ESR2', 'CYP3A5', 'ABCB11', 'ABCG2', 'CYP3A7', 'ABCC2', 'CYP2C8', 'ESRRG', 'CYP19A1', 'KCNH2', 'CYP3A4', 'CYP2B6', 'CYP2C19', 'CES1', 'CYP2C9', 'SHBG', 'CYP2D6', 'NR1I2', 'ABCA1', 'AR', 'CYP2A6', 'EBP', 'SULT1E1', 'SULT2A1', 'SERPINA7', 'MAPK8', 'ABCB1', 'ESR1', 'CYP1A2']"
cholic acid,"['MT-CO3', 'SLC22A8', 'COX7C', 'GPBAR1', 'ABCC1', 'MT-CO1', 'SLC10A1', 'DKFZp686P18130', 'ABCB11', 'COX4I1', 'ABCC2', 'COX6B1', 'FABP6', 'ESRRG', 'COX5B', 'MT-CO2', 'SLC22A7', 'COX6A2', 'NR1H4', 'SLCO1B3', 'COX7A1', 'SLCO1B1', 'CES1', 'COX8A', 'COX6C', 'ABCC4', 'COX5A', 'SLC10A2', 'PLA2G1B', 'FECH', 'ABCB1', 'COX7B', 'ADH1C']"
loxapine,"['DRD2', 'ADRA2B', 'HTR1A', 'HRH1', 'SLC6A4', 'HTR5A', 'HRH2', 'HTR2C', 'HRH4', 'HTR1E', 'DRD4', 'HTR6', 'SLC6A3', 'ADRA1A', 'CHRM4', 'CHRM2', 'DRD1', 'CHRM1', 'ADRA1B', 'DRD3', 'HTR1B', 'CHRM3', 'ADRB1', 'CHRM5', 'DRD5', 'SLC6A2', 'ADRA2A', 'HTR7', 'ADRA2C', 'HTR2A', 'HTR1D', 'HTR3A']"
dronedarone,"['ALB', 'SLC22A8', 'ADRA2B', 'CACNB2', 'CYP3A5', 'CACNB3', 'CACNB1', 'CACNA1C', 'ADRA1D', 'KCNH2', 'CYP3A4', 'ADRA1A', 'KCNJ3', 'SLCO1B3', 'SCN5A', 'ADRA1B', 'CACNB4', 'SLCO1B1', 'SLC8A1', 'CYP2D6', 'CACNA1F', 'KCNK2', 'ADRB1', 'CACNA1S', 'ADRA2A', 'KCNQ1', 'ADRA2C', 'THRA', 'ABCB1', 'KCND3', 'CACNA1D']"
ziprasidone,"['ALB', 'DRD2', 'ADRA2B', 'ORM1', 'HTR1A', 'HRH1', 'HTR5A', 'HTR2C', 'HTR1E', 'DRD4', 'HTR6', 'CYP3A4', 'ADRA1A', 'CHRM4', 'CHRM2', 'DRD1', 'CHRM1', 'ADRA1B', 'DRD3', 'HTR1B', 'CHRM3', 'CHRM5', 'DRD5', 'ADRA2A', 'HTR7', 'ADRA2C', 'AOX1', 'HTR2A', 'ABCB1', 'HTR1D']"
dasatinib,"['KIT', 'CYP1B1', 'EPHA5', 'NR4A3', 'PPAT', 'HSPA8', 'CYP1A1', 'CYP3A5', 'FYN', 'ABCG2', 'BTK', 'ABL2', 'MAPK14', 'STAT5B', 'YES1', 'CYP3A4', 'ZAK', 'LCK', 'SRC', 'CSK', 'FGR', 'FRK', 'EPHA2', 'PDGFRB', 'ABL1', 'EPHB4', 'ABCB1', 'LYN', 'CYP1A2', 'BCR']"
glycine,"['AGXT2', 'GCSH', 'PIPOX', 'GLYATL2', 'ALAS2', 'SHMT2', 'AMT', 'GSS', 'GATM', 'GRIN2C', 'BAAT', 'GNMT', 'GRIN3B', 'SHMT1', 'GLYATL1', 'GLYAT', 'GLRA3', 'GLDC', 'GCAT', 'GPR18', 'AGXT', 'SLC36A1', 'ALAS1', 'DLD', 'GLRA1', 'GLRB', 'GRIN2A', 'GARS', 'GLRA2']"
haloperidol,"['DRD2', 'ADRA2B', 'CYP1A1', 'CBR1', 'HTR1A', 'HRH1', 'CYP3A5', 'HTR2C', 'CYP3A7', 'HTR6', 'CYP3A4', 'ADRA1A', 'CYP2C19', 'DRD1', 'UGT1A9', 'CYP2C9', 'DRD3', 'CYP2D6', 'CHRM3', 'ADRA2A', 'MCHR1', 'HTR7', 'ADRA2C', 'GRIN2B', 'SLC18A2', 'HTR2A', 'ABCB1', 'CYP1A2', 'SIGMAR1']"
valproic acid,"['ALB', 'HDAC2', 'SLC22A8', 'PPARD', 'PTGS1', 'ALDH5A1', 'CYP3A5', 'PPARA', 'ACADSB', 'CYP3A4', 'SLCO2B1', 'SLC22A7', 'CYP2B6', 'CYP2C19', 'UGT1A9', 'CYP2C9', 'ODC1', 'CDKN1A', 'CYP2A6', 'SLC16A1', 'HGF', 'SLC22A6', 'UGT1A1', 'PPARG', 'SLC22A5', 'HDAC9', 'CYP1A2', 'CD274', 'OGDH']"
verapamil,"['ALB', 'ABCC1', 'CYP2E1', 'ORM1', 'SLC6A4', 'CYP3A5', 'CYP2C8', 'CACNA1C', 'ADRA1D', 'KCNH2', 'CYP3A4', 'ADRA1A', 'CYP2B6', 'CYP2C19', 'ADRA1B', 'SLCO1B1', 'CYP2C9', 'CYP2D6', 'CACNA1B', 'SLC22A4', 'ABCC4', 'CYP2C18', 'CACNA1G', 'CACNA1H', 'SLC22A5', 'ABCB1', 'CYP1A2', 'CACNA1A', 'KCNJ11']"
quetiapine,"['DRD2', 'ADRA2B', 'HTR1A', 'HRH1', 'CYP3A5', 'HTR2C', 'CYP3A7', 'HTR1E', 'DRD4', 'HTR6', 'CYP3A4', 'CHRM4', 'CHRM2', 'CYP2C19', 'DRD1', 'CHRM1', 'DRD3', 'CYP2D6', 'HTR1B', 'CHRM3', 'CHRM5', 'DRD5', 'ADRA2A', 'HTR7', 'ADRA2C', 'HTR2A', 'ABCB1', 'HTR1D', 'HTR3A']"
tretinoin,"['ALB', 'LCN1', 'CYP1A1', 'CYP26C1', 'RXRB', 'CYP3A5', 'RARA', 'RARRES1', 'CYP3A7', 'RARB', 'RARG', 'CYP2C8', 'CYP3A4', 'CYP2B6', 'CYP26A1', 'OBP2A', 'CYP2C9', 'RXRG', 'GPRC5A', 'CYP26B1', 'CYP2A6', 'CYP4A11', 'CYP2C18', 'PDK4', 'HPGDS', 'RBP4', 'RXRA', 'ALDH1A2', 'ALDH1A1']"
phenytoin,"['ALB', 'CYP2E1', 'SCN1A', 'SCN1B', 'CYP3A5', 'CYP3A7', 'ABCC2', 'CYP2C8', 'KCNH2', 'CYP3A4', 'CYP2B6', 'CYP2C19', 'SCN5A', 'UGT1A9', 'CYP2C9', 'CYP11B1', 'CYP2D6', 'COMT', 'NR1I2', 'CYP2A6', 'CYP2C18', 'SCN2A', 'SCN8A', 'SERPINA7', 'UGT1A1', 'NQO1', 'ABCB1', 'CYP1A2', 'SCN3A']"
nicardipine,"['CACNA2D1', 'CYP2E1', 'CACNB2', 'CYP3A5', 'ABCB11', 'CYP2C8', 'CACNA1C', 'ADRA1D', 'CYP3A4', 'ADRA1A', 'CHRM4', 'CYP2B6', 'CHRM2', 'CYP2C19', 'CHRM1', 'ADRA1B', 'SLCO1B1', 'CYP2C9', 'CYP2D6', 'CHRM3', 'CHRM5', 'CACNA1I', 'PDE1A', 'CACNA1G', 'PDE1B', 'ABCB1', 'CACNA1H', 'CACNA1D']"
estradiol,"['ALB', 'CYP1B1', 'SLC22A8', 'CYP1A1', 'ESR2', 'SLC22A11', 'CYP3A5', 'ABCG2', 'CYP3A7', 'CYP2C8', 'BECN1', 'CYP19A1', 'CYP3A4', 'CYP2C19', 'CHRNA4', 'MT-ATP6', 'SLCO1B3', 'SLCO1B1', 'CYP2C9', 'SHBG', 'COMT', 'NR1I2', 'UGT1A1', 'ABCB1', 'ESR1', 'CYP1A2', 'FABP2', 'GPER1']"
indomethacin,"['ALB', 'SLC22A8', 'GLO1', 'ABCC1', 'PTGS1', 'SLC22A11', 'SLC10A1', 'PPARA', 'ABCB11', 'ABCC6', 'ABCC2', 'PTGDR2', 'AKR1C3', 'PTGS2', 'SLC22A7', 'CYP2C19', 'EIF2AK2', 'UGT1A9', 'SLCO1B1', 'CYP2C9', 'CES1', 'PLA2G2A', 'ABCC4', 'PTGR2', 'SLC22A6', 'UGT1A1', 'PPARG', 'ABCB1']"
carvedilol,"['ALB', 'NPPB', 'VEGFA', 'XDH', 'ADRA2B', 'CYP2E1', 'CYP1A1', 'HIF1A', 'VCAM1', 'ADRA1D', 'KCNH2', 'CYP3A4', 'ADRA1A', 'ADRA1B', 'CYP2C9', 'CYP2D6', 'ADRB1', 'ADRB2', 'GJA1', 'ADRA2A', 'KCNJ2', 'ADRA2C', 'UGT1A1', 'KCNJ4', 'ABCB1', 'CYP1A2', 'NDUFC2', 'SELE']"
doxorubicin,"['ALB', 'CYP1B1', 'ABCC1', 'XDH', 'CBR1', 'POR', 'ABCB11', 'ABCG2', 'NDUFS2', 'NOS2', 'ABCC6', 'ABCC2', 'AKR1C3', 'CYP3A4', 'CYP2B6', 'NDUFS3', 'NDUFS7', 'CYP2D6', 'TOP2A', 'NOLC1', 'TOP1', 'NOS3', 'TOP2B', 'NQO1', 'ABCB1', 'AKR1A1', 'NOS1']"
imatinib,"['ALB', 'KIT', 'ABCC1', 'ORM1', 'CYP3A5', 'ABCB11', 'ABCG2', 'CYP3A7', 'ABCC2', 'CYP2C8', 'DDR2', 'DDR1', 'PDGFRA', 'CYP3A4', 'CYP2C19', 'SLCO1B3', 'CYP2C9', 'CYP2D6', 'CSF1R', 'ABCC4', 'NTRK1', 'PDGFRB', 'ABL1', 'SLC22A5', 'ABCB1', 'CYP1A2', 'BCR']"
doxepin,"['ALB', 'ORM1', 'HTR1A', 'HRH1', 'SLC6A4', 'HRH2', 'HTR2C', 'HRH4', 'HTR6', 'ADRA1D', 'KCNH2', 'CYP3A4', 'ADRA1A', 'CHRM4', 'CHRM2', 'CYP2C19', 'CHRM1', 'ADRA1B', 'CYP2C9', 'CYP2D6', 'HTR2B', 'CHRM3', 'CHRM5', 'SLC6A2', 'HTR2A', 'ABCB1', 'CYP1A2']"
nicotine,"['CHRNA7', 'CYP2E1', 'CYP1A1', 'CYP2C8', 'CYP19A1', 'CHRNA3', 'CYP3A4', 'CYP2B6', 'CYP2C19', 'CHRNA4', 'CHRNA5', 'CHRNB2', 'CHRNA9', 'CYP2C9', 'CYP2D6', 'CHRNA2', 'CHRNA6', 'SLC22A4', 'CHRNA10', 'CYP2A6', 'CHAT', 'CHRNB3', 'SLC22A5', 'CHRNB4', 'CYP1A2', 'MAOB', 'MAOA']"
regorafenib,"['KIT', 'ABCG2', 'CYP2C8', 'DDR2', 'PDGFRA', 'CYP3A4', 'BRAF', 'CYP2B6', 'CYP2C19', 'UGT1A9', 'MAPK11', 'CYP2C9', 'FRK', 'FLT1', 'FGFR2', 'NTRK1', 'FLT4', 'FGFR1', 'TEK', 'EPHA2', 'PDGFRB', 'ABL1', 'UGT1A1', 'RAF1', 'KDR', 'ABCB1', 'RET']"
dexamethasone,"['ALB', 'NR0B1', 'SLC22A8', 'HSD11B1', 'NR3C1', 'CYP2E1', 'CYP1A1', 'CYP3A5', 'ABCB11', 'ABCG2', 'NOS2', 'CYP3A7', 'ABCC2', 'CYP2C8', 'HSD11B2', 'CYP3A4', 'CYP2B6', 'CYP2C19', 'CYP3A43', 'CYP11B1', 'NR1I2', 'CYP2A6', 'CYP4A11', 'ANXA1', 'CYP17A1', 'ABCB1']"
sorafenib,"['KIT', 'CYP3A5', 'ABCG2', 'CYP3A7', 'ABCC2', 'CYP2C8', 'CYP3A4', 'BRAF', 'CYP2B6', 'CYP2C19', 'UGT1A9', 'SLCO1B1', 'CYP2C9', 'CYP2D6', 'RET', 'ABCC4', 'FLT1', 'FLT4', 'FGFR1', 'PDGFRB', 'UGT1A1', 'KDR', 'RAF1', 'ABCB1', 'CYP1A2', 'FLT3']"
progesterone,"['CYP1B1', 'ABCC1', 'NR3C1', 'CYP1A1', 'NR3C2', 'ORM1', 'ESR2', 'SLC10A1', 'CYP3A5', 'ABCB11', 'ABCG2', 'CYP3A7', 'CYP3A4', 'PGR', 'CYP2C19', 'SLCO1B3', 'SLCO1B1', 'CYP2C9', 'SHBG', 'CYP2D6', 'AR', 'CYP2A6', 'CYP17A1', 'OPRK1', 'ABCB1', 'ESR1']"
chlorpromazine,"['ALB', 'DRD2', 'CYP2E1', 'HTR1A', 'HRH1', 'BCHE', 'ABCB11', 'HTR2C', 'HRH4', 'DRD4', 'HTR6', 'KCNH2', 'CYP3A4', 'ADRA1A', 'DRD1', 'SMPD1', 'CHRM1', 'ADRA1B', 'DRD3', 'CYP2D6', 'CHRM3', 'DRD5', 'HTR7', 'HTR2A', 'ABCB1', 'CYP1A2']"
methotrexate,"['ALB', 'MTHFR', 'SLC22A8', 'ABCC1', 'SLC15A1', 'SLC22A11', 'ABCG2', 'DHFR', 'ABCC2', 'PGD', 'CYP3A4', 'SLC22A7', 'FPGS', 'FOLR2', 'SLCO1B3', 'SLCO1B1', 'FOLR1', 'ABCC4', 'SLC16A1', 'SLC36A1', 'TYMS', 'SLC22A6', 'AOX1', 'ABCB1', 'ATIC']"
lenvatinib,"['KIT', 'SLC22A8', 'ABCB11', 'ABCG2', 'CYP2C8', 'PDGFRA', 'CYP3A4', 'CYP2B6', 'CYP2C19', 'SLCO1B3', 'SLCO1B1', 'CYP2C9', 'CYP2D6', 'FLT1', 'FGFR2', 'FLT4', 'FGFR1', 'SLC22A6', 'KDR', 'AOX1', 'FGFR3', 'ABCB1', 'CYP1A2', 'FGFR4', 'RET']"
quinidine,"['ALB', 'SLC22A8', 'KCNK6', 'CYP2E1', 'CYP1A1', 'ORM1', 'ABCB11', 'CYP3A7', 'ABCC2', 'KCNK1', 'CYP2C8', 'ADRA1D', 'KCNH2', 'CYP3A4', 'ADRA1A', 'CYP2B6', 'SCN5A', 'ADRA1B', 'SLCO1B1', 'CYP2C9', 'CYP2D6', 'SLC22A4', 'SLC22A5', 'ABCB1', 'CYP1A2']"
ketoconazole,"['ALB', 'CYP1B1', 'CYP1A1', 'CYP3A5', 'ABCB11', 'NR1I3', 'CYP2C8', 'CYP19A1', 'KCNH2', 'CYP3A4', 'CYP2B6', 'CYP2C19', 'SLCO1B1', 'CYP2C9', 'SHBG', 'CYP11B1', 'CYP2D6', 'NR1I2', 'AR', 'CYP2A6', 'CYP21A2', 'CYP17A1', 'UGT1A1', 'ABCB1', 'CYP1A2']"
asenapine,"['ALB', 'DRD2', 'ADRA2B', 'HTR1A', 'HRH1', 'HRH2', 'HTR2C', 'DRD4', 'HTR6', 'CYP3A4', 'ADRA1A', 'DRD1', 'DRD3', 'CYP2D6', 'HTR1B', 'HTR2B', 'ADRB1', 'ADRB2', 'ADRA2A', 'HTR7', 'ADRA2C', 'HTR2A', 'CYP1A2', 'HTR5A']"
olanzapine,"['ALB', 'DRD2', 'ORM1', 'HRH1', 'HTR2C', 'DRD4', 'HTR6', 'CYP3A4', 'ADRA1A', 'CHRM4', 'CHRM2', 'CYP2C19', 'DRD1', 'CHRM1', 'ADRA1B', 'CYP2C9', 'DRD3', 'CYP2D6', 'CHRM3', 'DRD5', 'HTR2A', 'ABCB1', 'CYP1A2', 'HTR3A']"
apomorphine,"['ALB', 'DRD2', 'SULT1A1', 'ADRA2B', 'HTR1A', 'CYP3A5', 'SULT1B1', 'HTR2C', 'DRD4', 'CYP2C8', 'CYP3A4', 'CYP2B6', 'DRD1', 'DRD3', 'COMT', 'HTR1B', 'HTR2B', 'DRD5', 'ADRA2A', 'ADRA2C', 'SULT1E1', 'SLC18A2', 'HTR2A', 'HTR1D']"
atorvastatin,"['ALB', 'HDAC2', 'AHR', 'ABCC1', 'CYP3A5', 'ABCB11', 'CYP3A7', 'NR1I3', 'ABCC2', 'CYP2C8', 'CYP3A4', 'SLCO2B1', 'CYP2B6', 'CYP2C19', 'SLCO1B3', 'HMGCR', 'SLCO1B1', 'CYP2C9', 'CYP2D6', 'ABCC4', 'ABCC5', 'DPP4', 'UGT1A1', 'ABCB1']"
desipramine,"['DRD2', 'CYP2E1', 'ORM1', 'HTR1A', 'HRH1', 'SLC6A4', 'HTR2C', 'CYP3A4', 'CHRM4', 'CYP2B6', 'CHRM2', 'SMPD1', 'CHRM1', 'CYP2D6', 'CHRM3', 'SLC22A4', 'ADRB1', 'CHRM5', 'ADRB2', 'SLC6A2', 'SLC22A5', 'ABCB1', 'HTR2A', 'CYP1A2']"
phenobarbital,"['CHRNA7', 'ABCC1', 'CYP2E1', 'CYP1A1', 'CYP3A5', 'ABCB11', 'GRIA2', 'CYP3A7', 'ABCC2', 'CYP2C8', 'CYP3A4', 'CYP2B6', 'CYP2C19', 'CHRNA4', 'CYP2C9', 'GABRA1', 'NR1I2', 'CYP2A6', 'CYP2C18', 'UGT1A1', 'ABCB1', 'CYP1A2', 'GRIK2']"
cisplatin,"['ALB', 'MT1A', 'XDH', 'MT2A', 'BCHE', 'ABCG2', 'SOD1', 'ABCC6', 'ABCC2', 'PTGS2', 'GSTP1', 'GSTT1', 'CYP2B6', 'CYP2C9', 'GSTM1', 'MPG', 'CYP4A11', 'A2M', 'MPO', 'ABCC5', 'TF', 'NQO1', 'ATOX1']"
ibuprofen,"['ALB', 'GP1BA', 'SLC22A8', 'ABCC1', 'PTGS1', 'SLC22A11', 'PPARA', 'CFTR', 'CYP2C8', 'PTGS2', 'S100A7', 'SLCO2B1', 'CYP3A4', 'CYP2C19', 'UGT1A9', 'CYP2C9', 'ABCC4', 'BCL2', 'THBD', 'SLC22A6', 'PPARG', 'ABCB1', 'FABP2']"
amoxapine,"['DRD2', 'ORM1', 'HTR1A', 'HRH1', 'SLC6A4', 'HTR2C', 'HRH4', 'DRD4', 'HTR6', 'SLC6A3', 'ADRA1A', 'DRD1', 'CHRM1', 'DRD3', 'CYP2D6', 'HTR1B', 'GABRA1', 'HTR2B', 'SLC6A2', 'ADRA2A', 'HTR7', 'HTR2A', 'HTR3A']"
testosterone,"['ALB', 'CYP1B1', 'SLC22A8', 'CYP11A1', 'CYP1A1', 'NR3C2', 'SLC10A1', 'CYP3A5', 'ABCG2', 'CYP3A7', 'CYP2C8', 'CYP19A1', 'CYP3A4', 'SLC22A7', 'CYP2B6', 'CYP2C19', 'SLCO1B3', 'CYP3A43', 'CYP2C9', 'SHBG', 'AR', 'ESR1', 'MAOA']"
theophylline,"['HDAC2', 'PDE4A', 'CYP1B1', 'CYP2E1', 'CYP1A1', 'CPNE1', 'HM13', 'NOMO1', 'PARP1', 'ADORA2A', 'CYP3A4', 'SLC22A7', 'CYP2D6', 'ADORA1', 'ADA', 'RIC3', 'PDE5A', 'TTLL3', 'ADORA2B', 'CYP1A2', 'PDE4B', 'PDE3A']"
cabergoline,"['DRD2', 'ADRA2B', 'HTR1A', 'HTR2C', 'DRD4', 'ADRA1D', 'CYP3A4', 'ADRA1A', 'DRD1', 'ADRA1B', 'DRD3', 'HTR1B', 'HTR2B', 'ADRB1', 'DRD5', 'ADRB2', 'ADRA2A', 'HTR7', 'ADRA2C', 'HTR2A', 'ABCB1', 'HTR1D']"
glyburide,"['ALB', 'ABCC1', 'SLC15A1', 'CYP3A5', 'ABCB11', 'ABCG2', 'CFTR', 'CYP3A7', 'ABCC2', 'SLCO2B1', 'CYP3A4', 'ABCC9', 'SLC22A7', 'CYP2C19', 'CPT1A', 'CYP2C9', 'SLC15A2', 'ABCA1', 'SLC22A6', 'ABCB1', 'TRPM4']"
nifedipine,"['ALB', 'CYP2E1', 'CYP1A1', 'CACNB2', 'CYP3A5', 'ABCB11', 'ABCC2', 'CYP2C8', 'CACNA1C', 'CYP3A4', 'CYP2B6', 'SLCO1B1', 'CYP2C9', 'CYP2D6', 'NR1I2', 'CYP2A6', 'CACNA1S', 'ABCB1', 'KCND3', 'CYP1A2', 'CACNA1D']"
probenecid,"['ALB', 'SLC22A8', 'ABCC1', 'SLC22A11', 'SLC10A1', 'ABCC6', 'ABCC2', 'CYP2C8', 'TAS2R16', 'CYP3A4', 'SLC22A7', 'SLC22A12', 'PANX1', 'CYP2C9', 'ABCC4', 'SLC16A1', 'ABCC5', 'SLC22A6', 'UGT1A1', 'SLC22A5', 'SLC16A7']"
ponatinib,"['KIT', 'CYP3A5', 'ABCG2', 'CYP2C8', 'PDGFRA', 'CYP3A4', 'LCK', 'CYP2D6', 'SRC', 'RET', 'FGFR2', 'FGFR1', 'TEK', 'ABL1', 'KDR', 'FGFR3', 'ABCB1', 'LYN', 'FGFR4', 'BCR', 'FLT3']"
dextromethorphan,"['CHRNA7', 'SLC6A4', 'PGRMC1', 'CYP3A7', 'CHRNA3', 'CYP3A4', 'CYP2B6', 'CYP2C19', 'CHRNA4', 'CHRNB2', 'CYP2C9', 'CYP2D6', 'CHRNA2', 'GRIN3A', 'OPRD1', 'SLC6A2', 'OPRM1', 'OPRK1', 'CHRNB4', 'SIGMAR1']"
bromocriptine,"['DRD2', 'ADRA2B', 'HTR1A', 'HTR2C', 'DRD4', 'ADRA1D', 'CYP3A4', 'ADRA1A', 'DRD1', 'ADRA1B', 'DRD3', 'HTR1B', 'HTR2B', 'DRD5', 'ADRA2A', 'HTR7', 'ADRA2C', 'HTR2A', 'ABCB1', 'HTR1D']"
methadone,"['ALB', 'CHRNA7', 'ORM1', 'CYP3A7', 'CYP2C8', 'CYP19A1', 'CHRNA3', 'CYP3A4', 'CYP2B6', 'CYP2C19', 'CHRNA4', 'CHRNB2', 'CYP2C9', 'CYP2D6', 'CYP2C18', 'OPRD1', 'OPRM1', 'ABCB1', 'CYP1A2', 'HTR3A']"
felodipine,"['CACNA2D1', 'NR3C2', 'CACNB2', 'CYP3A5', 'ABCB11', 'CYP3A7', 'CYP2C8', 'CACNA1C', 'CYP3A4', 'CACNA2D2', 'CYP2C9', 'CYP2D6', 'CACNA1D', 'TNNC1', 'CACNA1S', 'PDE1A', 'TNNC2', 'ABCB1', 'CACNA1H', 'PDE1B']"
dronabinol,"['CYP1B1', 'ABCC1', 'PTGS1', 'CYP1A1', 'CNR1', 'CYP3A5', 'ABCG2', 'CYP3A7', 'CYP3A4', 'CYP2B6', 'CYP2C19', 'UGT1A9', 'CES1', 'CYP2C9', 'CYP2D6', 'CYP2A6', 'CNR2', 'UGT1A1', 'ABCB1', 'CYP1A2']"
ritonavir,"['ALB', 'ABCC1', 'ORM1', 'CYP3A5', 'ABCB11', 'ABCG2', 'CYP3A7', 'ABCC2', 'CYP2C8', 'CYP3A4', 'SLCO2B1', 'CYP2B6', 'CYP2C19', 'SLCO1B3', 'SLCO1B1', 'CYP2C9', 'CYP2D6', 'NR1I2', 'ABCB1', 'CYP1A2']"
prasterone,"['ABCC1', 'ESR2', 'PPARA', 'HSD17B1', 'ABCG2', 'CYP3A7', 'NR1I3', 'SLCO2B1', 'SLCO1B3', 'SLCO1B1', 'NR1I2', 'AR', 'ABCC4', 'CYP17A1', 'HSD3B1', 'SULT2A1', 'ESR1', 'SIGMAR1', 'SULT2B1']"
dabrafenib,"['ALB', 'SLC22A8', 'SIK1', 'ABCG2', 'CYP2C8', 'CYP3A4', 'BRAF', 'CYP2B6', 'CYP2C19', 'SLCO1B3', 'SLCO1B1', 'CYP2C9', 'NEK11', 'SLC22A6', 'UGT1A1', 'LIMK1', 'RAF1', 'ABCB1', 'CYP1A2']"
nortriptyline,"['ALB', 'DRD2', 'CYP2E1', 'ORM1', 'HTR1A', 'HRH1', 'SLC6A4', 'CYP3A5', 'HTR2C', 'ADRA1D', 'CYP3A4', 'ADRA1A', 'CYP2C19', 'ADRA1B', 'CYP2D6', 'SLC6A2', 'HTR2A', 'ABCB1', 'CYP1A2']"
cimetidine,"['ALB', 'SLC22A8', 'CYP2E1', 'SLC22A11', 'CYP3A5', 'ABCB11', 'HRH2', 'CYP2C8', 'CYP3A4', 'SLC22A7', 'CYP2C19', 'CYP2C9', 'CYP11B1', 'CYP2D6', 'SLC22A4', 'SLC22A6', 'SLC22A5', 'ABCB1', 'CYP1A2']"
estrone,"['ALB', 'CYP1B1', 'SLC22A8', 'CYP2E1', 'CYP1A1', 'ESR2', 'CYP3A5', 'ABCG2', 'CYP19A1', 'SLCO2B1', 'CYP3A4', 'CYP2B6', 'SLCO1B1', 'CYP2C9', 'SHBG', 'AR', 'ABCB1', 'ESR1', 'CYP1A2']"
calcium,"['BMP4', 'S100A8', 'SPTBN1', 'CP', 'S100A2', 'S100A13', 'COMP', 'CACNA1C', 'ATP2C1', 'PDCD6', 'S100B', 'ALPP', 'CAST', 'AOC1', 'TNNC1', 'S100A9', 'TNNC2', 'PCDH19', 'MGP']"
caffeine,"['RYR1', 'CYP1B1', 'CYP2E1', 'CYP1A1', 'ABCG2', 'CYP2C8', 'ADORA2A', 'CYP3A4', 'PIK3CB', 'PRKDC', 'CYP2C9', 'CYP2D6', 'ADORA1', 'ATM', 'PIK3CA', 'PIK3CD', 'ADORA2B', 'CYP1A2', 'PDE4B']"
paliperidone,"['DRD2', 'ADRA2B', 'HTR1A', 'HRH1', 'CYP3A5', 'HTR2C', 'DRD4', 'CYP3A4', 'ADRA1A', 'DRD1', 'ADRA1B', 'DRD3', 'CYP2D6', 'ADRA2A', 'HTR7', 'ADRA2C', 'HTR2A', 'ABCB1', 'HTR1D']"
dopamine,"['DRD2', 'HTR3B', 'HTR1A', 'SLC6A4', 'SOD1', 'DRD4', 'SLC6A3', 'DRD1', 'DRD3', 'COMT', 'DBH', 'DRD5', 'SLC6A2', 'HTR7', 'SLC18A2', 'SLC22A5', 'MAOB', 'HTR3A', 'MAOA']"
lidocaine,"['SCN5A', 'CYP2C9', 'SCN10A', 'CYP3A7', 'CYP2D6', 'CYP2C8', 'ORM2', 'ORM1', 'ABCB1', 'SLC22A5', 'CYP1A2', 'CYP3A4', 'CYP2A6', 'SCN9A', 'SCN4A', 'CYP2B6', 'CYP3A5', 'EGFR']"
pazopanib,"['ABCG2', 'KIT', 'ITK', 'SLCO1B1', 'FGF1', 'CYP2D6', 'PDGFRB', 'CYP2C8', 'UGT1A1', 'KDR', 'FGFR3', 'ABCB1', 'PDGFRA', 'CYP1A2', 'CYP3A4', 'SH2B3', 'FLT1', 'FLT4']"
rosiglitazone,"['ALB', 'ABCB11', 'SLCO1B1', 'CYP2C9', 'PPARD', 'RXRG', 'CYP2D6', 'ACSL4', 'PTGS1', 'CYP2E1', 'RXRA', 'PPARG', 'CYP2C8', 'CYP1A2', 'CYP3A4', 'RXRB', 'CYP2B6', 'PPARA']"
propofol,"['ALB', 'CYP1B1', 'UGT1A9', 'CYP2C9', 'GABRB3', 'UGT1A1', 'CYP2C8', 'CYP2E1', 'CYP1A1', 'GABRB2', 'ABCB1', 'CYP1A2', 'SCN4A', 'CYP2C18', 'SCN2A', 'CYP2B6', 'CYP2C19', 'FAAH']"
simvastatin,"['SLCO1B3', 'CYP3A5', 'ABCB11', 'HMGCR', 'HDAC2', 'SLCO1B1', 'CYP2C9', 'CES1', 'CYP2D6', 'ABCC2', 'ITGAL', 'UGT1A1', 'CYP2C8', 'SLCO2B1', 'ABCB1', 'CYP3A4', 'CYP2B6', 'CYP2C19']"
fluorouracil,"['ALB', 'MTHFR', 'ABCG2', 'ABCC5', 'TYMS', 'CYP2C9', 'SLC29A1', 'PPAT', 'TYMP', 'DPYD', 'SERPINA7', 'CYP2C8', 'UPP1', 'ABCC4', 'CYP1A2', 'SLC22A7', 'CYP2A6', 'UMPS']"
raloxifene,"['ALB', 'SLCO1B3', 'ABCG2', 'SLCO1B1', 'TFF1', 'ABCC2', 'UGT1A1', 'CYP2C8', 'SERPINB9', 'AOX1', 'ORM1', 'ABCB1', 'ABCC4', 'CYP19A1', 'CYP3A4', 'ESR2', 'ESR1', 'CYP2B6']"
trimipramine,"['ADRA1B', 'DRD2', 'HTR2C', 'CYP2C9', 'CYP2D6', 'HTR1D', 'SLC6A2', 'ADRA2B', 'SLC6A3', 'HTR2A', 'ABCB1', 'HTR1A', 'HRH1', 'ADRA1A', 'SLC6A4', 'HTR3A', 'CYP2C19', 'ADRA2A']"
risperidone,"['ALB', 'ADRA1B', 'HRH1', 'DRD2', 'HTR7', 'HTR2C', 'ADRA2C', 'CYP2D6', 'ADRA2B', 'ORM1', 'ABCB1', 'HTR1A', 'HTR2A', 'CYP3A4', 'ADRA1A', 'HTR1D', 'DRD1']"
fluoxetine,"['ALB', 'CYP3A5', 'HTR2C', 'CYP2C9', 'CKS1B', 'CYP2D6', 'CHRNA2', 'ORM1', 'ABCB1', 'KCNH2', 'CYP1A2', 'CYP3A4', 'CHRNA3', 'SLC6A4', 'CHRNB4', 'CYP2B6', 'CYP2C19']"
dalfampridine,"['KCND1', 'KCNA3', 'KCNA6', 'KCNC3', 'KCNA1', 'KCNA4', 'KCNC2', 'KCNB2', 'CYP2E1', 'KCND2', 'KCNA5', 'KCND3', 'KCNA10', 'KCNB1', 'KCNA2', 'KCNC1', 'KCNA7']"
cyclosporine,"['SLCO1B3', 'CYP3A5', 'ABCB11', 'ABCG2', 'SLCO1B1', 'CYP2D6', 'ABCC2', 'SLC10A2', 'SLC22A6', 'PPIA', 'CAMLG', 'ABCB1', 'PPIF', 'CYP3A4', 'SLC10A1', 'CYP2C19', 'PPP3R2']"
paclitaxel,"['SLCO1B3', 'MAP2', 'ABCB11', 'CYP1B1', 'TUBB1', 'CYP3A7', 'ABCC2', 'ABCC1', 'MAPT', 'NR1I2', 'CYP2C8', 'CYP19A1', 'ABCB1', 'CYP3A4', 'MAP4', 'BCL2', 'CYP3A5']"
nintedanib,"['ALB', 'ABCG2', 'FGFR1', 'LCK', 'SRC', 'PDGFRB', 'UGT1A1', 'KDR', 'FLT3', 'FGFR3', 'ABCB1', 'PDGFRA', 'LYN', 'CYP3A4', 'FLT1', 'FGFR2', 'FLT4']"
acetaminophen,"['ALB', 'UGT1A9', 'SULT1A1', 'GSTM1', 'CYP2D6', 'CYP2A6', 'UGT1A1', 'PTGS1', 'CYP2E1', 'PTGS2', 'PTGES3', 'ABCB1', 'CYP1A2', 'CYP3A4', 'GSTP1', 'FAAH', 'TRPV1']"
fluvastatin,"['SLCO1B3', 'CYP3A5', 'HMGCR', 'HDAC2', 'SLCO1B1', 'CYP2C9', 'CYP2D6', 'ABCC2', 'SLC15A1', 'UGT1A1', 'CYP2C8', 'CYP1A1', 'SLCO2B1', 'CYP3A4', 'CYP2B6', 'CYP2C19']"
fenofibrate,"['ALB', 'ABCB11', 'CYP2C19', 'UGT1A9', 'CES1', 'CYP2C9', 'CYP2A6', 'AKR1C3', 'MMP25', 'NR1I2', 'CYP2C8', 'CBR1', 'AKR1B1', 'AKR1C2', 'AKR1C1', 'PPARA']"
etoposide,"['ABCG2', 'ABCC6', 'ABCC2', 'ABCC1', 'TOP2A', 'UGT1A1', 'PTGS1', 'CYP2E1', 'PTGS2', 'ABCB1', 'CYP1A2', 'CYP3A4', 'GSTP1', 'GSTT1', 'CYP3A5', 'TOP2B']"
tramadol,"['CHRM1', 'OPRD1', 'HTR2C', 'OPRM1', 'CYP2D6', 'ADORA1', 'UGT1A1', 'TACR1', 'CHRM3', 'OPRK1', 'CYP3A4', 'SLC6A4', 'SCN2A', 'CYP2B6', 'SLC6A2', 'TRPV1']"
propranolol,"['ALB', 'CYP3A5', 'ADRB3', 'CYP3A7', 'CYP2D6', 'HTR1B', 'CYP1A1', 'ORM1', 'ABCB1', 'ADRB1', 'CYP1A2', 'CYP3A4', 'ADRB2', 'HTR1A', 'CYP2C19', 'MAOA']"
lamotrigine,"['ALB', 'DRD2', 'DHFR', 'ADORA1', 'OPRK1', 'ADRB1', 'ABCB1', 'HTR2A', 'ADORA2A', 'HRH1', 'ADRA1A', 'CACNA1E', 'HTR3A', 'CHRNA1', 'GRIA1', 'ADRA2A']"
quinine,"['CYP3A5', 'SLCO1B1', 'CYP2C9', 'KCNN4', 'CYP3A7', 'CYP2D6', 'CYP2C8', 'CYP2E1', 'CYP1A1', 'SLC22A4', 'SLC22A5', 'ABCB1', 'CYP1A2', 'CYP3A4', 'GP9', 'CYP2C19']"
dihydroergotamine,"['DRD2', 'ADRB3', 'HTR2C', 'DRD3', 'HTR1B', 'HTR1E', 'DRD4', 'HTR4', 'HTR2B', 'HTR1F', 'HTR2A', 'ABCB1', 'HTR1A', 'CYP3A4', 'HTR1D', 'ADRA2A']"
nelfinavir,"['ALB', 'CYP3A5', 'ABCB11', 'ABCG2', 'SLCO1B3', 'SLCO1B1', 'CYP2C9', 'CYP3A7', 'CYP2D6', 'UGT1A1', 'SLCO2B1', 'ORM1', 'ABCB1', 'CYP3A4', 'CYP2B6', 'CYP2C19']"
nefazodone,"['SLCO1B3', 'ADRA1B', 'ABCB11', 'HTR2C', 'CYP2D6', 'SLCO2B1', 'SLC6A3', 'HTR2A', 'ABCB1', 'KCNH2', 'HTR1A', 'CYP3A4', 'ADRA1A', 'SLC6A4', 'SLC6A2', 'ADRA2A']"
sunitinib,"['ABCG2', 'KIT', 'MET', 'CYP3A7', 'ABCC2', 'PDGFRB', 'KDR', 'CSF1R', 'ABCB1', 'PDGFRA', 'ABCC4', 'CYP3A4', 'FLT1', 'FLT3', 'CYP3A5', 'FLT4']"
miconazole,"['ALB', 'CYP2C9', 'CYP11B1', 'NOS2', 'CYP2D6', 'NR1I2', 'CYP2E1', 'CYP2C8', 'CYP19A1', 'ABCB1', 'NOS3', 'CYP3A4', 'CYP2A6', 'CYP51A1', 'CYP2B6', 'CYP2C19']"
irinotecan,"['ALB', 'ABCG2', 'UGT1A9', 'SLCO1B1', 'CES1', 'CYP3A7', 'ABCC2', 'ABCC1', 'UGT1A1', 'TOP1MT', 'TOP1', 'ABCB1', 'CYP3A4', 'BCHE', 'CYP2B6', 'CYP3A5']"
iloperidone,"['HRH1', 'DRD2', 'HTR7', 'DRD3', 'ADRA2C', 'CYP3A7', 'CYP2D6', 'DRD4', 'CYP2E1', 'HTR6', 'HTR2A', 'HTR1A', 'CYP3A4', 'ADRA1A', 'CYP3A5', 'DRD1']"
sildenafil,"['CYP3A5', 'PDE5A', 'ABCC5', 'SLCO1B1', 'CYP2C9', 'PDE6G', 'CYP3A7', 'CYP2D6', 'PDE6H', 'CYP2E1', 'ODC1', 'ABCB1', 'ABCC4', 'CD274', 'CYP3A4', 'CYP2C19']"
zidovudine,"['ALB', 'ABCG2', 'ABCC5', 'SLC22A8', 'CYP2C9', 'CYP2A6', 'TK1', 'SLC22A6', 'UGT1A1', 'SLC29A2', 'ABCB1', 'ABCC4', 'CYP3A4', 'SLC22A11', 'SLC22A7', 'TERT']"
azelastine,"['HRH1', 'CYP3A5', 'HRH2', 'CYP2C9', 'CYP2D6', 'PLA2G1B', 'CYP2C8', 'CYP2E1', 'CYP1A1', 'ABCB1', 'CYP1A2', 'CYP3A4', 'CYP2A6', 'LTC4S', 'CYP2B6', 'CYP2C19']"
clotrimazole,"['SLCO1B3', 'ABCB11', 'SLCO1B1', 'CYP2C9', 'KCNN4', 'CYP3A7', 'CYP2D6', 'NR1I2', 'CYP2E1', 'CYP2C8', 'HCAR2', 'ABCB1', 'CYP3A4', 'CYP2A6', 'CYP2B6']"
ergotamine,"['ADRA1B', 'DRD2', 'HTR2C', 'ADRA2C', 'HTR1B', 'HTR2B', 'HTR1F', 'ADRA1D', 'HTR2A', 'ABCB1', 'HTR1A', 'CYP3A4', 'ADRA1A', 'HTR1D', 'ADRA2A']"
adenosine,"['ALB', 'ADK', 'AK1', 'SLC29A4', 'SLC29A1', 'NME2', 'NME1', 'GJA1', 'ADORA1', 'XDH', 'ADORA2B', 'SLC29A2', 'ADORA2A', 'PNP', 'ADA']"
azathioprine,"['ALB', 'IMPDH2', 'GSTM1', 'GSTA1', 'IMPDH1', 'RAC1', 'HPRT1', 'XDH', 'TPMT', 'SLC29A2', 'GMPS', 'ABCB1', 'CYP1A2', 'GSTA2', 'ITPA']"
romidepsin,"['SLCO1B3', 'HDAC2', 'CYP2C19', 'ABCB11', 'SLCO1B1', 'ABCC1', 'SLC22A6', 'HDAC6', 'CYP1A1', 'ABCB1', 'CYP3A4', 'HDAC4', 'HDAC1', 'CYP2B6', 'CYP3A5']"
amiodarone,"['ALB', 'ABCB11', 'PPARGC1B', 'CYP2C9', 'CYP2D6', 'CYP2C8', 'CYP1A1', 'PPARA', 'PPARG', 'ABCB1', 'CYP1A2', 'CYP3A4', 'CYP2A6', 'CACNA1I', 'CYP2C19']"
budesonide,"['ALB', 'CYP3A5', 'ABCB11', 'CYP1B1', 'SLC22A8', 'CYP2C9', 'SERPINA6', 'NR3C1', 'CYP2C8', 'ANXA1', 'ABCB1', 'CYP3A4', 'CYP2A6', 'CYP2B6', 'CYP2C19']"
pergolide,"['ADRA1B', 'DRD2', 'HTR2C', 'DRD3', 'HTR1B', 'DRD4', 'HTR2B', 'ADRA1D', 'HTR2A', 'HTR1A', 'DRD5', 'CYP3A4', 'ADRA1A', 'HTR1D', 'DRD1']"
erlotinib,"['ALB', 'ABCG2', 'CYP1B1', 'CYP2D6', 'UGT1A1', 'NR1I2', 'CYP1A1', 'CYP2C8', 'SLCO2B1', 'ORM1', 'ABCB1', 'CYP1A2', 'CYP3A4', 'CYP3A5', 'EGFR']"
ketamine,"['DRD2', 'CYP2C9', 'OPRM1', 'GRIN3A', 'TACR1', 'PTGS1', 'CYP2C8', 'SLC6A2', 'OPRK1', 'HTR3A', 'CYP3A4', 'BCHE', 'OPRD1', 'CYP2B6', 'NOS1']"
primidone,"['GRIA2', 'GABRA2', 'CHRNA7', 'CYP2C9', 'GABRA6', 'GABRA1', 'CYP2E1', 'GABRA4', 'CYP1A2', 'CYP3A4', 'GRIK2', 'CYP2C19', 'CHRNA4', 'GABRA3', 'GABRA5']"
promethazine,"['ALB', 'CHRM1', 'HRH2', 'DRD2', 'CYP2C9', 'CYP2D6', 'CHRM3', 'CHRM5', 'ABCB1', 'ABCC4', 'HRH1', 'CHRM4', 'CYP2B6', 'CHRM2']"
betamethasone,"['ALB', 'CYP3A5', 'CYP1B1', 'CYP2C9', 'SERPINA6', 'CYP3A7', 'NR3C1', 'CYP2C8', 'CYP19A1', 'ABCB1', 'CYP3A4', 'CYP2A6', 'CYP2B6', 'CYP2C19']"
methylene blue,"['ALB', 'CYP3A5', 'UGT1A9', 'CYP2C9', 'CYP2D6', 'CYP2C8', 'GUCY1A2', 'ABCB1', 'NOS1', 'CYP1A2', 'CYP3A4', 'BLVRB', 'CYP2B6', 'CYP2C19']"
mifepristone,"['SLCO1B3', 'ABCB11', 'SLCO1B1', 'CYP2C9', 'CYP2D6', 'ABCC1', 'KLK3', 'NR3C1', 'NR1I2', 'CYP2C8', 'ABCB1', 'CYP3A4', 'PGR', 'CYP3A5']"
sulfasalazine,"['ALB', 'SLCO1B3', 'ABCG2', 'ACAT1', 'NFKB1', 'SLCO1B1', 'ABCC2', 'NFKB2', 'PLA2G1B', 'PTGS1', 'PTGS2', 'SLC7A11', 'SLCO2B1', 'ALOX5']"
spironolactone,"['ALB', 'ABCB11', 'SHBG', 'CYP11B1', 'ABCC2', 'NR3C1', 'NR1I2', 'CYP2C8', 'NR3C2', 'CYP11B2', 'AR', 'ABCB1', 'PGR', 'CYP17A1']"
lovastatin,"['ALB', 'SLCO1B3', 'ABCB11', 'HMGCR', 'HDAC2', 'SLCO1B1', 'ABCC2', 'ITGAL', 'UGT1A1', 'CYP2C8', 'SLCO2B1', 'ABCB1', 'CYP3A4', 'CYP2C19']"
levothyroxine,"['ALB', 'SLCO1B3', 'THRB', 'SLCO1B1', 'ITGB3', 'THRA', 'SERPINA7', 'CYP2C8', 'UGT1A1', 'ABCB1', 'TTR', 'SLCO2B1', 'ITGAV', 'SLC16A2']"
buprenorphine,"['CYP3A5', 'ABCG2', 'CYP2C9', 'OPRM1', 'CYP3A7', 'CYP2D6', 'CYP2C8', 'OPRL1', 'OPRK1', 'ABCB1', 'CYP3A4', 'CYP2C18', 'OPRD1', 'CYP2C19']"
sertraline,"['ALB', 'SLC29A4', 'CYP2C9', 'CYP2D6', 'SLC6A2', 'CYP2E1', 'SLC6A3', 'ABCB1', 'MAOB', 'CYP3A4', 'SLC6A4', 'CYP2B6', 'CYP2C19', 'MAOA']"
secobarbital,"['GRIA2', 'GABRA2', 'CHRNA7', 'CYP2C9', 'GABRA6', 'GABRA1', 'CYP2C8', 'GABRA4', 'CYP1A2', 'GRIK2', 'CYP2C19', 'CHRNA4', 'GABRA3', 'GABRA5']"
pitavastatin,"['ALB', 'SLCO1B3', 'ABCB11', 'ABCG2', 'HMGCR', 'SLCO1B1', 'CYP2C9', 'ABCC2', 'ITGAL', 'CYP2C8', 'ORM1', 'ABCB1', 'SLCO2B1', 'SLC10A1']"
clonidine,"['ALB', 'ADRA1B', 'ADRA2C', 'CYP2D6', 'ADRA2B', 'CYP1A1', 'SLC22A4', 'SLC22A5', 'ADRA1D', 'CYP1A2', 'CYP3A4', 'ADRA1A', 'CYP3A5', 'ADRA2A']"
rosuvastatin,"['ALB', 'SLCO1B3', 'ABCB11', 'ABCG2', 'HMGCR', 'SLCO1B1', 'CYP2C9', 'SLC22A8', 'ABCC2', 'ITGAL', 'SLC7A11', 'ABCC4', 'SLCO2B1', 'SLC10A1']"
vinblastine,"['ABCB11', 'TUBD1', 'SLCO1B1', 'CYP2D6', 'ABCC2', 'ABCC1', 'ABCC6', 'JUN', 'ABCB1', 'TUBB', 'CYP3A4', 'TUBG1', 'TUBE1', 'TUBA1A']"
amlodipine,"['CACNB1', 'CACNA2D3', 'CYP2D6', 'CACNA1B', 'CACNA1I', 'CYP2C8', 'CYP1A1', 'CACNA1C', 'ABCB1', 'CYP3A4', 'CA1', 'CYP2B6', 'CYP3A5', 'SMPD1']"
saquinavir,"['ALB', 'ABCB11', 'ABCG2', 'SLCO1B1', 'CYP3A7', 'CYP2D6', 'ABCC2', 'ABCC1', 'CYP2C8', 'SLCO2B1', 'ORM1', 'ABCB1', 'CYP3A4', 'CYP3A5']"
pravastatin,"['SLCO1B3', 'HMGCR', 'ABCG2', 'ABCB11', 'HDAC2', 'SLCO1B1', 'SLC22A8', 'ABCC2', 'SLC22A6', 'ABCB1', 'SLCO2B1', 'SLC22A11', 'SLC22A7', 'SLC16A1']"
maprotiline,"['CHRM1', 'DRD2', 'HTR7', 'HTR2C', 'CYP2D6', 'CHRM3', 'ORM1', 'HTR2A', 'CHRM5', 'CYP1A2', 'HRH1', 'CHRM4', 'CHRM2', 'SLC6A2']"
pentobarbital,"['GRIA2', 'GABRA2', 'CHRNA7', 'GABRA6', 'GABRA1', 'NR1I2', 'GABRA4', 'CYP3A4', 'CYP2A6', 'GRIK2', 'CYP2C19', 'CHRNA4', 'GABRA3', 'GABRA5']"
loratadine,"['HRH1', 'CYP3A5', 'ABCB11', 'CYP2C9', 'CYP2D6', 'UGT1A1', 'CYP2C8', 'CYP1A1', 'ABCB1', 'KCNH2', 'CYP1A2', 'CYP3A4', 'CYP2B6', 'CYP2C19']"
chloroquine,"['ALB', 'GSTM1', 'CYP2D6', 'ACE2', 'CYP2C8', 'CYP1A1', 'TLR9', 'ABCB1', 'CYP3A4', 'GSTA2', 'HMGB1', 'CYP3A5', 'TNF']"
lauric acid,"['ALB', 'ADH5', 'VLDLR', 'LTF', 'GM2A', 'PLA2G2A', 'LY96', 'HNF4A', 'PLA2G2D', 'C8G', 'TLR4', 'PPARA', 'GLTP']"
paroxetine,"['HRH1', 'DRD2', 'CYP2C9', 'CYP2D6', 'HTR2B', 'SLC6A2', 'HTR2A', 'ABCB1', 'CYP1A2', 'CYP3A4', 'SLC6A4', 'CYP2B6', 'CYP2C19']"
prednisone,"['ALB', 'CYP3A5', 'CYP1B1', 'CYP2C9', 'SERPINA6', 'HSD11B1', 'NR3C1', 'CYP2C8', 'ABCB1', 'CYP3A4', 'CYP2A6', 'CYP2B6', 'CYP2C19']"
idelalisib,"['SLCO1B3', 'ABCG2', 'CYP2C19', 'CYP3A43', 'SLCO1B1', 'PIK3CD', 'CYP3A7', 'CYP2C8', 'AOX1', 'ABCB1', 'CYP3A4', 'CYP2B6', 'CYP3A5']"
orphenadrine,"['ALB', 'HRH1', 'GRIN2D', 'SCN10A', 'GRIN1', 'CYP2D6', 'GRIN3A', 'CYP2E1', 'CYP1A2', 'CYP3A4', 'CYP2B6', 'SLC6A2', 'GRIN3B']"
lansoprazole,"['ABCG2', 'CYP1B1', 'SLC22A8', 'CYP2C9', 'CYP2D6', 'MAPT', 'CYP2C8', 'CYP1A1', 'ABCB1', 'ATP4A', 'CYP3A4', 'CYP2C18', 'CYP2C19']"
rilpivirine,"['ALB', 'SLCO1B3', 'ABCG2', 'SLCO1B1', 'CYP2C9', 'CYP2D6', 'NR1I2', 'CYP2E1', 'CYP2C8', 'ABCB1', 'CYP3A4', 'CYP2B6', 'CYP2C19']"
omeprazole,"['ABCG2', 'CYP1B1', 'CYP2C9', 'AHR', 'CYP2D6', 'CYP2C8', 'CYP1A1', 'ABCB1', 'ATP4A', 'CYP1A2', 'CYP3A4', 'CYP2C18', 'CYP2C19']"
bosutinib,"['MAP3K2', 'SRC', 'ABL1', 'CYP2C8', 'CDK2', 'ABCB1', 'LYN', 'MAP2K2', 'CYP3A4', 'BCR', 'CAMK2G', 'MAP2K1', 'HCK']"
pseudoephedrine,"['ALB', 'IL2', 'NFKB1', 'ADRA2A', 'SLC6A3', 'ADRB1', 'NFATC1', 'ADRB2', 'ADRA1A', 'SLC6A4', 'SLC6A2', 'MAOA', 'TNF']"
lamivudine,"['ALB', 'ABCG2', 'CMPK1', 'NME2', 'DCK', 'ABCC2', 'ABCC1', 'SLC22A6', 'PCYT1A', 'ABCB1', 'ABCC4', 'NME1', 'PGK1']"
dipyridamole,"['SLCO1B3', 'PDE4A', 'ABCB11', 'PDE5A', 'ABCC5', 'SLCO1B1', 'PDE10A', 'RCAN1', 'ORM1', 'ABCB1', 'ABCC4', 'SLCO2B1', 'ADA']"
naloxone,"['ALB', 'CES1', 'OPRM1', 'UGT1A1', 'OPRK1', 'ABCB1', 'ESR1', 'CYP3A4', 'CREB1', 'TLR4', 'OPRD1', 'CYP2C19', 'CYP2C18']"
glycerin,"['PAEP', 'PPARD', 'ISYNA1', 'PAPSS1', 'NAGA', 'GSTZ1', 'CYP2E1', 'ARF1', 'ITPR1', 'ADH1B', 'TRDMT1', 'PLA2G2E', 'ALDH1A1']"
escitalopram,"['CHRM1', 'HRH1', 'DRD2', 'HTR2C', 'CYP2D6', 'SLC6A2', 'SLC6A3', 'HTR2A', 'ABCB1', 'HTR1A', 'CYP3A4', 'SLC6A4', 'CYP2C19']"
icosapent,"['ALB', 'FFAR1', 'ALOX5', 'PPARD', 'SLC8A1', 'FADS1', 'ACSL4', 'PTGS1', 'FABP7', 'PTGS2', 'PPARG', 'PPARA', 'TRPV1']"
heparin,"['FGFR1', 'PF4', 'HGF', 'FGF1', 'F10', 'FGF4', 'SERPINA7', 'SERPINC1', 'FGF19', 'FGF2', 'SELP', 'FGFR4', 'FGFR2']"
cyclobenzaprine,"['ALB', 'HTR7', 'HTR2C', 'CYP2D6', 'TLR4', 'HTR2B', 'HTR6', 'AOX1', 'HTR2A', 'CYP1A2', 'CYP3A4', 'SLC6A4', 'SLC6A2']"
dinoprostone,"['ABCC5', 'SLCO1B1', 'SLC22A8', 'PTGER1', 'PTGDR2', 'SLC22A6', 'PTGER2', 'ABCC4', 'PTGER4', 'SLCO2B1', 'SLC22A11', 'SLC22A7', 'PTGER3']"
acetylcysteine,"['ALB', 'GRIN2D', 'SLCO1B1', 'ACY1', 'CHUK', 'GRIN1', 'GRIN2B', 'GSS', 'GRIN3A', 'SLC22A6', 'IKBKB', 'SLC7A11', 'GRIN2A']"
gemfibrozil,"['ALB', 'SLCO1B3', 'UGT1A9', 'SLCO1B1', 'CYP2C9', 'SLC22A8', 'UGT1A1', 'CYP2C8', 'PPARA', 'SLCO2B1', 'CYP1A2', 'CYP3A4', 'CYP2C19']"
iron,"['POLB', 'NEIL2', 'FTH1', 'TFRC', 'HBA1', 'AHSP', 'TF', 'NEIL1', 'CP', 'EGLN1', 'FXN', 'HDAC8', 'FEN1']"
phenelzine,"['CYP2C19', 'ABAT', 'CYP3A7', 'CYP2D6', 'AOC3', 'GPT2', 'CYP2C8', 'CYP2E1', 'GPT', 'MAOB', 'CYP3A4', 'CYP3A5', 'MAOA']"
celecoxib,"['ABCB11', 'ABCG2', 'CYP2C9', 'NEU1', 'CYP2D6', 'PDPK1', 'CYP2C8', 'CA3', 'PTGS2', 'ABCB1', 'ABCC4', 'CYP3A4', 'CA2']"
furosemide,"['ALB', 'SLC22A8', 'ABCC2', 'SLC12A1', 'SLC22A6', 'SERPINA7', 'UGT1A1', 'SLC22A5', 'PGD', 'GPR35', 'SLC22A11', 'CA2']"
liothyronine,"['ALB', 'SLCO1B3', 'THRB', 'SLCO1B1', 'SLC22A8', 'THRA', 'SERPINA7', 'UGT1A1', 'ABCB1', 'TTR', 'SLC10A1', 'PCNA']"
procaine,"['SCN10A', 'PLA2G4A', 'DNMT3A', 'CHRNA2', 'GRIN3A', 'ASPG', 'SLC6A3', 'HTR3A', 'DNMT1', 'BCHE', 'SLC6A4', 'SLC6A2']"
daunorubicin,"['ABCG2', 'CYP1B1', 'ABCC6', 'TOP2A', 'ABCC1', 'CBR1', 'ABCB1', 'AKR1B1', 'CYP3A4', 'POR', 'CYP3A5', 'TOP2B']"
atazanavir,"['ALB', 'SLCO1B3', 'ABCB11', 'SLCO1B1', 'CYP2C9', 'ABCC1', 'UGT1A1', 'CYP2C8', 'SLCO2B1', 'ABCB1', 'CYP1A2', 'CYP3A4']"
lopinavir,"['ALB', 'SLCO1B3', 'ABCB11', 'SLCO1B1', 'CYP2C9', 'CYP2D6', 'ORM1', 'ABCB1', 'CYP1A2', 'CYP3A4', 'CYP2B6', 'CYP2C19']"
droxidopa,"['ADRA1B', 'DDC', 'ADRA2C', 'PAH', 'ADRA2B', 'ADRA1D', 'ADRB1', 'ADRB2', 'ADRB3', 'ADRA1A', 'SLC6A2', 'ADRA2A']"
vemurafenib,"['ALB', 'ABCG2', 'CYP2C9', 'CYP2D6', 'ABCC1', 'CYP2C8', 'ORM1', 'ABCB1', 'CYP1A2', 'CYP3A4', 'BRAF', 'CYP2B6']"
hydroflumethiazide,"['ALB', 'ATP1A1', 'SLC22A8', 'SLC12A1', 'SLC22A6', 'CA7', 'KCNMA1', 'CA9', 'CA1', 'CA4', 'CA12', 'CA2']"
vincristine,"['SLCO1B3', 'ABCB11', 'ABCG2', 'SLCO1B1', 'CYP3A7', 'ABCC2', 'ABCC1', 'ABCB1', 'TUBB', 'CYP3A4', 'CYP3A5', 'TUBA4A']"
daclizumab,"['FCGR1A', 'FCGR2A', 'IL2RA', 'C1QC', 'IL2RB', 'FCGR2B', 'C1QA', 'FCGR3A', 'FCGR2C', 'C1QB', 'FCGR3B', 'C1R']"
pemetrexed,"['ALB', 'ABCG2', 'ABCC5', 'SLC22A8', 'DHFR', 'TYMS', 'SLC29A1', 'DCK', 'GART', 'SLC22A6', 'SLC22A11', 'ATIC']"
trazodone,"['HRH1', 'HTR2C', 'CYP3A7', 'CYP2D6', 'HTR2A', 'ABCB1', 'HTR1A', 'CYP3A4', 'ADRA1A', 'SLC6A4', 'CYP3A5', 'ADRA2A']"
niacin,"['QPRT', 'SLC16A3', 'HCAR3', 'CYP2D6', 'SERPINA7', 'CYP2E1', 'SLCO2B1', 'SLC22A5', 'HCAR2', 'NNMT', 'CYP3A4', 'SLC16A1']"
ketoprofen,"['ALB', 'SLC22A8', 'CYP2C9', 'SLC22A6', 'UGT1A1', 'PTGS1', 'CYP2C8', 'PTGS2', 'ABCC4', 'SLC22A7', 'SLC22A11', 'CXCR1']"
olaparib,"['ALB', 'ABCG2', 'AKR1C3', 'UGT1A1', 'PARP2', 'PARP1', 'ORM1', 'ABCB1', 'PARP3', 'CYP3A4', 'CYP2B6', 'CYP3A5']"
carbamazepine,"['CYP3A5', 'CYP2C9', 'ABCC2', 'UGT1A1', 'NR1I2', 'CYP2C8', 'ABCB1', 'CYP1A2', 'CYP3A4', 'CYP2B6', 'CYP2C19', 'CHRNA4']"
isoflurane,"['ALB', 'KCNA1', 'GABRA1', 'CYP2E1', 'ATP2C1', 'GLRA1', 'ATP5D', 'MT-ND1', 'CYP2B6', 'GRIA1', 'CHRNA4', 'CHRNB2']"
ondansetron,"['CYP2C9', 'OPRM1', 'CYP3A7', 'CYP2D6', 'HTR1B', 'HTR4', 'CYP2E1', 'HTR1A', 'CYP1A2', 'CYP3A4', 'HTR3A', 'CYP3A5']"
clomipramine,"['ALB', 'HTR2C', 'CYP2D6', 'HTR2B', 'SLC6A2', 'HTR2A', 'ABCB1', 'CYP1A2', 'CYP3A4', 'GSTP1', 'SLC6A4', 'CYP2C19']"
efavirenz,"['ALB', 'CYP3A5', 'ABCB11', 'CYP2C9', 'CYP3A7', 'CYP2D6', 'UGT1A1', 'CYP2C8', 'CYP1A2', 'CYP3A4', 'CYP2B6', 'CYP2C19']"
vandetanib,"['ALB', 'ABCG2', 'TEK', 'VEGFA', 'ABCC1', 'PTK6', 'ORM1', 'ABCB1', 'CYP3A4', 'RET', 'EGFR']"
choline,"['CHAT', 'CHRNA7', 'PCYT1A', 'ACHE', 'PLD1', 'PLD2', 'SLC22A4', 'SLC22A5', 'BCHE', 'PCYT1B', 'PHOSPHO1']"
losartan,"['ALB', 'ABCB11', 'CYP2C9', 'SLC22A6', 'UGT1A1', 'CYP2C8', 'AGTR1', 'ABCB1', 'SLC22A12', 'CYP3A4', 'CYP2C19']"
indinavir,"['ABCB11', 'SLCO1B1', 'CYP3A7', 'CYP2D6', 'ABCC2', 'ABCC1', 'UGT1A1', 'SLCO2B1', 'ABCB1', 'CYP3A4', 'CYP3A5']"
dapsone,"['CYP3A5', 'MPO', 'CYP2C9', 'CYP3A7', 'PTGS1', 'CYP2E1', 'CYP2C8', 'PTGS2', 'CYP3A4', 'CYP2C18', 'CYP2C19']"
diazepam,"['ALB', 'CYP3A5', 'CYP2C9', 'CYP3A7', 'PTGS1', 'CYP2C8', 'ABCB1', 'CYP3A4', 'CYP2C18', 'CYP2B6', 'CYP2C19']"
cyanocobalamin,"['MTHFR', 'LRP2', 'MTR', 'MMACHC', 'MTRR', 'MMAA', 'ABCC1', 'AMN', 'MUT', 'CUBN', 'TCN1']"
loperamide,"['OPRM1', 'CACNA1A', 'CYP2D6', 'POMC', 'CYP2C8', 'OPRK1', 'ABCB1', 'KCNH2', 'CYP3A4', 'OPRD1', 'CYP2B6']"
cocaine,"['CHRM1', 'CHRM2', 'CES1', 'CYP2D6', 'CYP2C8', 'SLC6A3', 'SIGMAR1', 'CYP3A4', 'BCHE', 'SLC6A4', 'SLC6A2']"
cladribine,"['POLE3', 'RRM1', 'ABCG2', 'POLE4', 'POLA1', 'POLE', 'DCK', 'RRM2', 'PNP', 'POLE2', 'RRM2B']"
gefitinib,"['ALB', 'CYP3A5', 'ABCG2', 'CYP2C9', 'CYP2D6', 'CYP1A1', 'ORM1', 'ABCB1', 'CYP3A4', 'CYP2C19', 'EGFR']"
clopidogrel,"['ALB', 'CYP3A5', 'CES1', 'CYP2C9', 'CYP2C8', 'ABCB1', 'P2RY12', 'CYP1A2', 'CYP3A4', 'CYP2B6', 'CYP2C19']"
tenecteplase,"['LRP1', 'ANXA2', 'KRT8', 'FGA', 'CANX', 'PLG', 'CLEC3B', 'PLAUR', 'CALR', 'SERPINE1', 'SERPINB2']"
disopyramide,"['CHRM1', 'SCN5A', 'KCND2', 'CHRM3', 'ORM1', 'KCNH2', 'KCND3', 'CYP1A2', 'CYP3A4', 'ORM2', 'CHRM2']"
duloxetine,"['ALB', 'CYP2C9', 'CYP2D6', 'SLC6A2', 'SLC6A3', 'ABCB1', 'CYP1A2', 'CYP3A4', 'SLC6A4', 'CYP2B6', 'CYP2C19']"
epinephrine,"['ADRA1B', 'CYP2C9', 'COMT', 'ADRA2B', 'ADRA1D', 'ADRB1', 'ADRB2', 'CYP3A4', 'ADRA1A', 'ADRA2A', 'TNF']"
zolmitriptan,"['HTR7', 'HTR1B', 'HTR1E', 'HTR2B', 'HTR1F', 'HTR2A', 'ABCB1', 'HTR1A', 'CYP1A2', 'HTR1D', 'MAOA']"
buspirone,"['ALB', 'DRD2', 'DRD3', 'CYP3A7', 'CYP2D6', 'DRD4', 'ORM1', 'ABCB1', 'HTR1A', 'CYP3A4', 'CYP3A5']"
capsaicin,"['MPO', 'GLUL', 'PHB2', 'CYP2E1', 'PTGS2', 'DBH', 'CYP1A2', 'CYP3A4', 'BCHE', 'MAOA', 'TRPV1']"
selegiline,"['CYP2C9', 'CYP2D6', 'CYP2C8', 'ABCB1', 'CYP1A2', 'CYP3A4', 'CYP2A6', 'MAOB', 'CYP2B6', 'CYP2C19', 'MAOA']"
nilotinib,"['ABCG2', 'KIT', 'SLCO1B1', 'CYP2C9', 'CYP2D6', 'ABL1', 'CYP2C8', 'UGT1A1', 'ABCB1', 'CYP3A4', 'CYP2B6']"
carboplatin,"['ABCG2', 'MPO', 'SOD1', 'GSTM1', 'MT1A', 'ABCC2', 'XDH', 'MT2A', 'NQO1', 'GSTP1', 'GSTT1']"
bumetanide,"['CFTR', 'SLC22A8', 'SLC12A2', 'SLC12A4', 'SLC12A1', 'SLC22A6', 'SLC12A5', 'PTGS2', 'SLC22A11', 'SLC22A7', 'SLC10A1']"
nimodipine,"['CACNB4', 'CACNB1', 'AHR', 'CACNA1F', 'NR3C2', 'CACNA1C', 'CACNB2', 'CYP3A4', 'CACNA1S', 'CACNB3', 'CACNA1D']"
ezetimibe,"['ABCG2', 'ABCB11', 'SLCO1B1', 'ABCC2', 'NPC1L1', 'UGT1A1', 'CYP2C8', 'ABCB1', 'CYP3A4', 'SOAT1', 'ANPEP']"
simeprevir,"['ALB', 'SLCO1B3', 'ABCB11', 'ABCG2', 'SLCO1B1', 'ABCC2', 'SLCO2B1', 'ABCB1', 'CYP1A2', 'CYP3A4', 'SLC10A1']"
norgestimate,"['ALB', 'PGR', 'CYP2C9', 'SHBG', 'ABCC2', 'UGT1A1', 'AR', 'ABCB1', 'ESR1', 'CYP3A4', 'CYP2B6']"
eletriptan,"['CYP2C9', 'CYP2D6', 'HTR1B', 'PTGS1', 'HTR1F', 'ABCB1', 'HTR1A', 'CYP3A4', 'CYP2A6', 'HTR1D', 'CYP2C19']"
olopatadine,"['ALB', 'HRH2', 'S100B', 'ABCB1', 'CYP3A4', 'HRH3', 'HRH1', 'S100A13', 'S100A2', 'S100A1', 'S100A12']"
methylprednisolone,"['ALB', 'CYP1B1', 'CYP2C9', 'NR3C1', 'CYP2C8', 'ANXA1', 'ABCB1', 'CYP3A4', 'CYP2A6', 'CYP2B6', 'CYP2C19']"
tolbutamide,"['ALB', 'CYP2C9', 'SLC22A6', 'SLC15A1', 'CYP2C8', 'KCNJ1', 'SLC15A2', 'ABCC8', 'SLCO2B1', 'CYP2C18', 'CYP2C19']"
abiraterone,"['ALB', 'CYP2C9', 'SULT2A1', 'CYP2D6', 'CYP17A1', 'ABCC1', 'CYP2C8', 'ORM1', 'CYP1A2', 'CYP3A4', 'CYP2C19']"
formoterol,"['ALB', 'UGT1A9', 'CYP2C9', 'CYP2D6', 'SLC22A4', 'SLC22A5', 'ADRB1', 'ADRB2', 'ADRB3', 'CYP2A6', 'CYP2C19']"
fluvoxamine,"['ABCB11', 'CYP2C9', 'CYP2D6', 'CYP1A1', 'ABCB1', 'KCNH2', 'CYP1A2', 'CYP3A4', 'SLC6A4', 'CYP2B6', 'CYP2C19']"
diltiazem,"['ALB', 'CYP3A5', 'CYP3A7', 'CYP2D6', 'CYP2C8', 'CACNA1C', 'ORM1', 'ABCB1', 'CACNG1', 'CYP3A4', 'CYP2C19']"
oxymetholone,"['ALB', 'CYP3A43', 'SHBG', 'SRD5A1', 'CYP3A7', 'CYP2D6', 'NPPB', 'AR', 'CYP3A4', 'CYP3A5', 'MAOA']"
oxymetazoline,"['ADRA1B', 'UGT1A9', 'ADRA2C', 'HTR1B', 'ADRA2B', 'ADRA1D', 'HTR1A', 'ADRA1A', 'HTR1D', 'CYP2C19', 'ADRA2A']"
butabarbital,"['ALB', 'GRIK4', 'GRIA2', 'GRIK5', 'SLC2A1', 'GRIA3', 'GRIK2', 'GRIK3', 'GRIK1', 'GRIA1', 'GRIA4']"
amphetamine,"['DRD2', 'CYP2D6', 'CARTPT', 'SLC18A2', 'SLC22A5', 'SLC6A3', 'MAOB', 'TAAR1', 'CYP2A6', 'SLC6A4', 'SLC6A2']"
salicylic acid,"['ALB', 'SLC22A8', 'CYP2C9', 'SLC22A6', 'PTGS1', 'PTGS2', 'SLC22A11', 'SLCO2B1', 'AKR1C1', 'SLC22A7', 'SLC16A1']"
axitinib,"['CYP2C19', 'SLCO1B1', 'UGT1A1', 'KDR', 'ABCB1', 'CYP1A2', 'CYP3A4', 'FLT1', 'CYP3A5', 'FLT4']"
oxaliplatin,"['ABCG2', 'MPO', 'SOD1', 'GSTM1', 'MT1A', 'ABCC2', 'MT2A', 'NQO1', 'GSTP1', 'GSTT1']"
acetazolamide,"['CA7', 'SLC22A6', 'CA14', 'CA3', 'CYP3A4', 'AQP1', 'CA1', 'CA4', 'CA12', 'CA2']"
oxcarbazepine,"['ALB', 'CYP2C19', 'AKR1C3', 'CBR1', 'ABCB1', 'AKR1C2', 'CYP3A4', 'AKR1C1', 'AKR1C4', 'CYP3A5']"
cyproheptadine,"['ALB', 'CHRM1', 'HRH2', 'HTR7', 'HTR2C', 'HTR2B', 'CHRM3', 'HTR2A', 'HRH1', 'CHRM2']"
ifosfamide,"['CYP2C19', 'CYP2C9', 'PTGS1', 'NR1I2', 'CYP2C8', 'CYP3A4', 'CYP2A6', 'CYP2B6', 'CYP3A5', 'CYP2C18']"
erythromycin,"['SLCO1B3', 'ABCB11', 'SLCO1B1', 'CYP3A7', 'ABCC2', 'ABCB1', 'KCNH2', 'CYP3A4', 'CYP3A5', 'MLNR']"
butalbital,"['GABRA2', 'GRIA2', 'CHRNA7', 'GABRA6', 'GABRA1', 'GABRA4', 'GRIK2', 'CHRNA4', 'GABRA3', 'GABRA5']"
biotin,"['CYP1B1', 'ACACB', 'PCCA', 'HLCS', 'PCCB', 'ACACA', 'MCCC1', 'PC', 'MCCC2', 'SLC5A6']"
ibutilide,"['CACNB1', 'KCNK6', 'KCNK1', 'CACNA2D1', 'KCNH6', 'KCNH7', 'CACNA1C', 'CACNG1', 'KCNH2', 'KCNJ11']"
amiloride,"['SCNN1B', 'SCNN1D', 'SLC9A1', 'AOC1', 'SLC22A4', 'SCNN1G', 'ASIC2', 'PLAU', 'SCNN1A', 'ASIC1']"
fingolimod,"['S1PR4', 'S1PR5', 'ABCC1', 'CYP2E1', 'SLC1A2', 'S1PR1', 'ABCB1', 'SLC1A3', 'HDAC1', 'S1PR3']"
lindane,"['GABRB1', 'GLRA3', 'GABRB3', 'NR1I2', 'GABRR1', 'ESR1', 'GLRA1', 'GLRB', 'PGR', 'GLRA2']"
donepezil,"['ABCG2', 'IL1B', 'CYP2C9', 'CYP2D6', 'ACHE', 'TNFAIP6', 'HTR2A', 'CYP3A4', 'BCHE', 'NOS1']"
topiramate,"['ALB', 'GABRA1', 'CA3', 'CACNA1E', 'ABCB1', 'CYP3A4', 'CA1', 'CA4', 'CYP2C19', 'CA2']"
clevidipine,"['CYP2C9', 'CACNA1S', 'CYP2D6', 'CACNA1F', 'CYP2E1', 'CACNA1C', 'CYP3A4', 'BCHE', 'CYP2C19', 'CACNA1D']"
rotigotine,"['DRD2', 'DRD3', 'CYP2D6', 'DRD4', 'ADRA2B', 'HTR1A', 'DRD5', 'CYP3A4', 'CYP2C19', 'DRD1']"
perphenazine,"['ALB', 'DRD2', 'CYP2C9', 'CYP2D6', 'CYP2C8', 'CYP1A2', 'CYP3A4', 'CYP2C18', 'CYP2C19', 'DRD1']"
warfarin,"['ALB', 'CYP2C9', 'NR1I2', 'CYP2C8', 'ORM1', 'CYP1A2', 'CYP3A4', 'CYP2C18', 'CYP2C19', 'VKORC1']"
minocycline,"['CYCS', 'IL1B', 'VEGFA', 'NOS2', 'SLC22A6', 'CASP1', 'MMP9', 'SLC22A7', 'CASP3', 'ALOX5']"
atropine,"['CHRM1', 'ABCB11', 'CHRM3', 'ORM1', 'CHRM5', 'GLRA1', 'CHRM4', 'CHRM2', 'CHRNA4', 'CHRNB2']"
mitotane,"['SHBG', 'SERPINA6', 'CYP11B1', 'SERPINA7', 'AR', 'ABCB1', 'ESR1', 'CYP3A4', 'FDX1', 'PGR']"
alitretinoin,"['RARG', 'RARB', 'RXRG', 'IGFBP3', 'PSG5', 'RXRA', 'RARA', 'ABCB1', 'CYP26C1', 'RXRB']"
amobarbital,"['GABRA2', 'GRIA2', 'CHRNA7', 'GABRA6', 'GABRA1', 'GABRA4', 'GRIK2', 'CHRNA4', 'GABRA3', 'GABRA5']"
tapentadol,"['UGT1A9', 'CYP2C9', 'OPRM1', 'CYP2D6', 'SLC6A2', 'OPRK1', 'HTR3A', 'SLC6A4', 'OPRD1', 'CYP2C19']"
gemcitabine,"['RRM1', 'CMPK1', 'TYMS', 'CDA', 'SLC29A1', 'DCK', 'SLC29A2', 'ABCB1', 'NME1', 'TK2']"
nabumetone,"['ALB', 'MPO', 'CYP2C9', 'HSD11B1', 'PTGS1', 'PTGS2', 'AKR1C2', 'CYP1A2', 'AKR1C1', 'AKR1C4']"
sulindac,"['ALB', 'MAPK3', 'PPARD', 'PTGDR2', 'SLC22A6', 'PTGS1', 'CYP1A1', 'PTGS2', 'AKR1B1', 'AKR1B10']"
fosphenytoin,"['ALB', 'SCN5A', 'UGT1A9', 'CYP2C9', 'SERPINA7', 'CYP1A2', 'CYP3A4', 'CYP2B6', 'CYP2C19']"
terbinafine,"['ALB', 'SQLE', 'CYP2C9', 'CYP2D6', 'PTGS1', 'CYP2C8', 'CYP1A2', 'CYP3A4', 'CYP2C19']"
flutamide,"['CYP1B1', 'AHR', 'ABCC1', 'NR1I2', 'CYP1A1', 'AR', 'CYP1A2', 'CYP3A4', 'CYP3A5']"
sevoflurane,"['ALB', 'CCDC51', 'CYP2E1', 'GLRA1', 'CYP3A4', 'CYP2A6', 'MT-ND1', 'CYP2B6', 'GRIA1']"
tenofovir,"['ALB', 'AK1', 'SLC22A8', 'NME2', 'SLC22A6', 'ABCB1', 'ABCC4', 'NME1', 'AK2']"
fluocinolone acetonide,"['SERPINA6', 'ANXA5', 'ANXA3', 'PLA2G1B', 'NR3C1', 'CYP3A4', 'ANXA4', 'ANXA1', 'ANXA2']"
flecainide,"['ALB', 'SCN5A', 'RYR2', 'CYP2C9', 'CYP2D6', 'ABCB1', 'KCNH2', 'CYP1A2', 'SCN4A']"
amprenavir,"['CYP3A5', 'SLCO1B1', 'CYP2C9', 'CYP2D6', 'ABCC1', 'ABCB1', 'CYP3A4', 'CYP2B6', 'CYP2C19']"
scopolamine,"['CHRM1', 'SI', 'CHRM3', 'CHRM5', 'CYP3A4', 'CHRM4', 'CHRM2', 'CHRNA4', 'CHRNB2']"
venlafaxine,"['ABCG2', 'CYP2C9', 'CYP2D6', 'SLC6A2', 'SLC6A3', 'ABCB1', 'CYP3A4', 'SLC6A4', 'CYP2C19']"
safinamide,"['CYP2C19', 'ABCG2', 'CYP2D6', 'CYP1A1', 'CYP1A2', 'CYP3A4', 'MAOB', 'CYP3A5', 'MAOA']"
benzocaine,"['ALB', 'CES1', 'SCN10A', 'CYP2D6', 'CYP2E1', 'ABCB1', 'CYP1A2', 'CYP2B6', 'CYP2C19']"
iloprost,"['PDE4A', 'PDE4C', 'PTGER1', 'PTGDR2', 'PDE4D', 'PLAT', 'SLCO2B1', 'PTGIR', 'PDE4B']"
zafirlukast,"['ABCG2', 'CYP2C9', 'CYP2D6', 'CYSLTR1', 'PTGS1', 'CYP2C8', 'CYP1A2', 'CYP3A4', 'CYP2C19']"
prazosin,"['ADRA1B', 'ABCG2', 'ADRA2B', 'ADRA1D', 'ORM1', 'ABCB1', 'KCNH2', 'ADRA1A', 'ADRA2A']"
tiotropium,"['CHRM1', 'CYP2D6', 'CHRM3', 'SLC22A5', 'SLC22A4', 'CHRM5', 'CYP3A4', 'CHRM4', 'CHRM2']"
tipranavir,"['SLCO1B3', 'ABCB11', 'SLCO1B1', 'CYP2D6', 'UGT1A1', 'SLCO2B1', 'ABCB1', 'CYP3A4', 'CYP2C19']"
methimazole,"['CYP2C9', 'CYP2D6', 'TPO', 'CYP2E1', 'CYP1A2', 'CYP3A4', 'CYP2A6', 'CYP2B6', 'CYP2C19']"
vismodegib,"['ALB', 'ABCG2', 'CYP2C9', 'CYP2C8', 'ORM1', 'ABCB1', 'SMO', 'CYP3A4', 'CYP2C19']"
metoclopramide,"['CHRM1', 'DRD2', 'CYP2D6', 'HTR4', 'ORM1', 'ABCB1', 'CYP1A2', 'CYP3A4', 'HTR3A']"
tolterodine,"['CHRM1', 'CYP2C9', 'CYP2D6', 'CHRM3', 'CHRM5', 'CYP3A4', 'CHRM4', 'CHRM2', 'CYP2C19']"
piroxicam,"['ALB', 'SLC22A8', 'CYP2C9', 'SLC22A6', 'PTGS1', 'CYP2C8', 'PTGS2', 'SLCO2B1', 'SLC22A11']"
cefazolin,"['ALB', 'PON1', 'IL2', 'SLC22A8', 'TPMT', 'SLC22A6', 'ABCC4', 'SLC22A11', 'IL15']"
pimozide,"['DRD2', 'DRD3', 'CYP3A7', 'CYP2D6', 'ABCB1', 'KCNH2', 'CYP1A2', 'CYP3A4', 'CYP3A5']"
mirtazapine,"['HRH1', 'HTR2C', 'CYP2D6', 'OPRK1', 'HTR2A', 'CYP1A2', 'CYP3A4', 'SLC6A4', 'ADRA2A']"
modafinil,"['CYP3A5', 'ADRA1B', 'CYP2C9', 'CYP2D6', 'SLC6A3', 'CYP1A2', 'CYP3A4', 'CYP2B6', 'CYP2C19']"
morphine,"['ALB', 'OPRM1', 'UGT1A1', 'CYP2C8', 'OPRK1', 'LY96', 'ABCB1', 'CYP3A4', 'OPRD1']"
captopril,"['ALB', 'BDKRB1', 'SLC22A6', 'SLC15A1', 'MMP2', 'MMP9', 'ABCB1', 'LTA4H', 'ACE']"
adapalene,"['RARG', 'RARB', 'RXRG', 'GOT1', 'RXRA', 'RARA', 'TLR2', 'JUN', 'RXRB']"
nevirapine,"['ALB', 'CYP2C9', 'CYP3A7', 'CYP2D6', 'CYP1A2', 'CYP3A4', 'CYP2A6', 'CYP2B6', 'CYP3A5']"
cabazitaxel,"['SLCO1B3', 'ABCG2', 'TUBB1', 'SLCO1B1', 'CYP2C8', 'ABCB1', 'CYP3A4', 'CYP3A5', 'TUBA4A']"
bupropion,"['CYP2C9', 'CYP2D6', 'CYP2E1', 'SLC6A3', 'ORM1', 'CHRNA3', 'HTR3A', 'CYP2B6', 'SLC6A2']"
nisoldipine,"['CACNA1S', 'CYP3A7', 'CACNA2D1', 'CACNA1C', 'CACNB2', 'ABCB1', 'CYP3A4', 'CYP3A5', 'CACNA1D']"
bortezomib,"['SLCO1B3', 'PSMB5', 'CYP2C9', 'CYP2D6', 'ABCB1', 'CYP1A2', 'CYP3A4', 'CYP2C19', 'PSMB1']"
zolpidem,"['GABRA2', 'CYP2C9', 'GABRG2', 'CYP2D6', 'GABRA1', 'CYP1A2', 'CYP3A4', 'CYP2C19', 'GABRA3']"
bevacizumab,"['FCGR1A', 'FCGR2A', 'VEGFA', 'C1QC', 'FCGR2B', 'C1QA', 'FCGR3A', 'FCGR2C', 'C1QB']"
oxybutynin,"['ALB', 'CHRM1', 'CYP2D6', 'CYP2C8', 'CHRM3', 'ORM1', 'CYP3A4', 'CHRM2', 'CYP3A5']"
ticlopidine,"['MPO', 'CYP2C9', 'CYP2D6', 'CYP2C8', 'CYP2E1', 'P2RY12', 'CYP1A2', 'CYP2B6', 'CYP2C19']"
enzalutamide,"['ALB', 'CYP3A5', 'CYP2C9', 'CYP2C8', 'AR', 'ABCB1', 'CYP3A4', 'CYP2B6', 'CYP2C19']"
tetracycline,"['ALB', 'SLC22A8', 'PRNP', 'SLC22A6', 'PADI4', 'SLCO2B1', 'CYP3A4', 'SLC22A11', 'SLC22A7']"
cobicistat,"['SLCO1B3', 'ABCG2', 'CYP3A43', 'SLCO1B1', 'CYP3A7', 'CYP2D6', 'ABCB1', 'CYP3A4', 'CYP3A5']"
itraconazole,"['CYP3A7', 'CYP2E1', 'CYP1A1', 'SLCO2B1', 'ABCB1', 'CYP51A1', 'CYP3A4', 'CYP2B6', 'CYP3A5']"
isradipine,"['ABCB11', 'CACNA1S', 'CACNA2D1', 'CACNA1C', 'CACNB2', 'CYP3A4', 'CACNA1H', 'CACNA2D2', 'CACNA1D']"
thioridazine,"['ADRA1B', 'DRD2', 'CYP2D6', 'CYP2E1', 'HTR2A', 'KCNH2', 'ADRA1A', 'CYP2C19', 'DRD1']"
isoniazid,"['ALB', 'CYP2C9', 'CYP2D6', 'CYP2C8', 'CYP2E1', 'CYP1A2', 'CYP3A4', 'CYP2A6', 'CYP2C19']"
cyclophosphamide,"['CYP2C19', 'CYP2C9', 'NR1I2', 'CYP2C8', 'CYP3A4', 'CYP2A6', 'CYP2B6', 'CYP3A5', 'CYP2C18']"
thalidomide,"['CYP3A5', 'CYP2C9', 'PTGS1', 'CYP1A1', 'PTGS2', 'CYP3A4', 'CRBN', 'CYP2B6', 'CYP2C19']"
rabeprazole,"['ABCG2', 'CYP2C9', 'CYP2D6', 'CYP2C8', 'CYP1A1', 'ATP4A', 'CYP1A2', 'CYP3A4', 'CYP2C19']"
crizotinib,"['ALB', 'ALK', 'MST1R', 'MET', 'ABCB1', 'ROS1', 'CYP3A4', 'CYP2B6', 'CYP3A5']"
cobimetinib,"['SLCO1B3', 'ABCG2', 'SLCO1B1', 'CYP2D6', 'ORM1', 'ABCB1', 'CYP3A4', 'MAP2K1', 'CYP3A5']"
ivermectin,"['SLCO1B3', 'ABCG2', 'SLCO1B1', 'CYP2D6', 'ABCC2', 'ABCC1', 'CYP2E1', 'ABCB1', 'CYP3A4']"
apixaban,"['CYP3A5', 'ABCG2', 'CYP2C9', 'F10', 'CYP2C8', 'ABCB1', 'CYP1A2', 'CYP3A4', 'CYP2C19']"
dapagliflozin,"['UGT1A9', 'CYP2C9', 'CYP2D6', 'CYP1A1', 'ABCB1', 'CYP1A2', 'CYP3A4', 'CYP2A6', 'SLC5A2']"
ambrisentan,"['SLCO1B3', 'CYP2C19', 'UGT1A9', 'SLCO1B1', 'EDNRA', 'ABCB1', 'CYP3A4', 'CYP3A5', 'EDNRB']"
reserpine,"['BIRC5', 'ABCB11', 'SLCO1B1', 'ABCC2', 'SLC18A2', 'ABCB1', 'SLCO2B1', 'CYP3A5', 'SLC18A1']"
levodopa,"['ALB', 'DRD2', 'DDC', 'DRD3', 'DRD4', 'SLC15A1', 'SLC7A8', 'DRD5', 'DRD1']"
hydroxychloroquine,"['ALB', 'TLR7', 'CYP2D6', 'ACE2', 'CYP2C8', 'TLR9', 'ABCB1', 'CYP3A4']"
ephedrine,"['ALB', 'ACHE', 'SLC18A2', 'ADRB1', 'ADRB2', 'ADRA1A', 'BCHE', 'SLC6A2']"
rifabutin,"['HSP90B1', 'CYP2C9', 'CYP2C8', 'ABCB1', 'HSP90AA1', 'CYP3A4', 'CYP2B6', 'CYP2C19']"
mycophenolic acid,"['ALB', 'IMPDH2', 'UGT1A9', 'IMPDH1', 'UGT1A1', 'CYP2C8', 'CYP3A4', 'CYP3A5']"
etanercept,"['FCGR1A', 'LTA', 'FCGR2A', 'FCGR3A', 'FCGR2C', 'FCGR2B', 'FCGR3B', 'TNF']"
anti-inhibitor coagulant complex,"['F13A1', 'FGA', 'F10', 'F5', 'F7', 'F8', 'FGB', 'F2']"
acitretin,"['ALB', 'RARG', 'RARB', 'RXRG', 'RXRA', 'RARA', 'RBP1', 'RXRB']"
solifenacin,"['CHRM1', 'CYP2D6', 'CYP1A1', 'CHRM3', 'CHRM5', 'CYP3A4', 'CHRM4', 'CHRM2']"
sirolimus,"['ALB', 'SLCO1B1', 'CYP3A7', 'MTOR', 'ORM1', 'ABCB1', 'CYP3A4', 'CYP3A5']"
ofloxacin,"['ABCB11', 'ABCC2', 'ABCC1', 'SLC22A6', 'TOP2A', 'SLC22A4', 'SLC22A5', 'CYP1A2']"
insulin human,"['LRP2', 'IDE', 'INSR', 'IGFBP7', 'NOV', 'IGF1R', 'CYP1A2', 'CPE']"
montelukast,"['CYP2C9', 'CYP2C8', 'PTGS1', 'SLCO2B1', 'CYP3A4', 'CYP2A6', 'CYSLTR1', 'ALOX5']"
nitric oxide,"['MT1A', 'IDO1', 'ALDH2', 'CYP3A4', 'NOS3', 'CYP1A2', 'GUCY1A2', 'CYP2B6']"
repaglinide,"['ALB', 'HRH1', 'ABCB11', 'SLCO1B1', 'CYP2C8', 'PPARG', 'ABCC8', 'CYP3A4']"
lorcaserin,"['HTR2C', 'CYP2D6', 'CYP1A1', 'CYP1A2', 'CYP3A4', 'CYP2A6', 'CYP2B6', 'CYP2C19']"
almotriptan,"['CYP2D6', 'HTR1B', 'CYP2C8', 'CYP2E1', 'CYP3A4', 'HTR1D', 'CYP2C19', 'MAOA']"
methyltestosterone,"['ALB', 'SLC22A8', 'SHBG', 'CYP19A1', 'ESR1', 'AR', 'CYP3A4', 'CYP2B6']"
primaquine,"['CYP1B1', 'NQO2', 'CYP2D6', 'KRT7', 'CYP1A1', 'ABCB1', 'CYP1A2', 'CYP3A4']"
propafenone,"['SCN5A', 'CYP2D6', 'ADRB1', 'ABCB1', 'KCNH2', 'CYP1A2', 'CYP3A4', 'ADRB2']"
folic acid,"['MTHFR', 'ABCG2', 'DHFR', 'SLC22A6', 'FOLR1', 'ABCC4', 'FOLR3', 'FOLR2']"
levonorgestrel,"['SHBG', 'SRD5A1', 'NR3C1', 'AR', 'ESR1', 'CYP3A4', 'PGR', 'CYP3A5']"
meloxicam,"['ALB', 'CYP2C9', 'PTGS1', 'CYP2C8', 'PTGS2', 'PGD', 'ABCC4', 'CYP3A4']"
memantine,"['DRD2', 'GRIN1', 'SLC9A1', 'SLC22A4', 'CYP2A6', 'HTR3A', 'CYP2B6', 'CYP2C19']"
aldesleukin,"['IL2RA', 'PLA2G4A', 'IL2RB', 'XDH', 'CYP2E1', 'PTGS2', 'CYP3A4', 'IL2RG']"
flurbiprofen,"['ALB', 'UGT1A9', 'CYP2C9', 'SLC22A6', 'UGT1A1', 'PTGS1', 'PTGS2', 'ABCC4']"
labetalol,"['ALB', 'UGT1A9', 'CYP2D6', 'ABCB5', 'UGT1A1', 'ADRB1', 'ADRB2', 'CYP2C19']"
mirabegron,"['ALB', 'ADRB3', 'CYP2D6', 'ORM1', 'ABCB1', 'ADRB1', 'CYP3A4', 'BCHE']"
salmeterol,"['ALB', 'ADRB3', 'CYP3A7', 'CYP2C8', 'ADRB1', 'ADRB2', 'CYP3A4', 'CYP3A5']"
metronidazole,"['CYP2C9', 'CYP3A7', 'UGT1A1', 'CYP2C8', 'ABCB1', 'CYP3A4', 'CYP2A6', 'CYP3A5']"
pirfenidone,"['ALB', 'CYP2C9', 'CYP2D6', 'CYP2E1', 'ABCB1', 'CYP1A2', 'CYP3A4', 'CYP2C19']"
fexofenadine,"['ALB', 'SLCO1B3', 'HRH1', 'SLCO1B1', 'SLC22A8', 'ABCC2', 'ABCB1', 'SLCO2B1']"
fesoterodine,"['CHRM1', 'CYP2D6', 'CHRM3', 'CHRM5', 'ABCB1', 'CYP3A4', 'CHRM4', 'CHRM2']"
fenoldopam,"['ADRA1B', 'ADRA2C', 'ADRA2B', 'ADRA1D', 'DRD5', 'ADRA1A', 'ADRA2A', 'DRD1']"
pioglitazone,"['ALB', 'SLCO1B3', 'SLCO1B1', 'CYP2C8', 'CYP1A1', 'PPARG', 'MAOB', 'CYP3A4']"
febuxostat,"['ALB', 'ABCG2', 'UGT1A9', 'CYP2C9', 'XDH', 'UGT1A1', 'CYP2C8', 'CYP1A2']"
fluphenazine,"['DRD2', 'HTR2C', 'CYP2D6', 'CYP2E1', 'HTR2A', 'ABCB1', 'AR', 'DRD1']"
palivizumab,"['FCGR1A', 'C1QC', 'FCGR2B', 'C1QA', 'FCGR3A', 'C1QB', 'FCGR3B', 'C1R']"
terazosin,"['ADRA1B', 'TGFB1', 'KCNH6', 'KCNH7', 'ADRA1D', 'ABCB1', 'KCNH2', 'ADRA1A']"
sumatriptan,"['ABCG2', 'SLCO1B1', 'HTR1B', 'HTR1F', 'ABCB1', 'HTR1A', 'HTR1D', 'MAOA']"
doxazosin,"['ADRA1B', 'CYP2C9', 'CYP2D6', 'ADRA1D', 'ABCB1', 'CYP3A4', 'ADRA1A', 'CYP2C19']"
clarithromycin,"['SLCO1B3', 'ABCB11', 'SLCO1B1', 'ABCB1', 'KCNH2', 'CYP3A4', 'SLC22A7', 'CYP3A5']"
cetuximab,"['FCGR1A', 'FCGR2A', 'C1QC', 'C1QA', 'FCGR3A', 'C1QB', 'FCGR3B', 'EGFR']"
tranylcypromine,"['CYP2C9', 'CYP2D6', 'CYP1A2', 'CYP3A4', 'CYP2A6', 'MAOB', 'CYP2C19', 'MAOA']"
ceftriaxone,"['ALB', 'GLUL', 'SLC22A8', 'SLC22A6', 'SLC15A1', 'SLC15A2', 'ABCB1', 'SLC22A11']"
trifluoperazine,"['S100A4', 'DRD2', 'XDH', 'CALY', 'TNNC1', 'ABCB1', 'CYP1A2', 'ADRA1A']"
ciprofloxacin,"['ALB', 'CYP3A7', 'TOP2A', 'ABCB1', 'KCNH2', 'CYP1A2', 'CYP3A4', 'CYP3A5']"
triamcinolone,"['ALB', 'SERPINA6', 'CYP3A7', 'NR3C1', 'PTGS2', 'CYP3A4', 'BCHE', 'CYP3A5']"
atomoxetine,"['ALB', 'FCGR1A', 'CYP2D6', 'SLC6A2', 'OPRK1', 'SLC6A4', 'CYP2C19', 'KCNJ3']"
daclatasvir,"['SLCO1B3', 'ABCG2', 'CYP3A43', 'SLCO1B1', 'CYP3A7', 'ABCB1', 'CYP3A4', 'CYP3A5']"
danazol,"['SHBG', 'GNRHR', 'CYP19A1', 'ESR1', 'AR', 'CYP3A4', 'CCL2', 'PGR']"
coenzyme a,"['HMGCR', 'ACAT2', 'DBI', 'CS', 'KAT2A', 'KAT2B', 'KAT5', 'CRAT']"
desogestrel,"['ALB', 'CYP2C9', 'SHBG', 'UGT1A1', 'ESR1', 'CYP3A4', 'PGR']"
amantadine,"['DRD2', 'CHRNA7', 'DDC', 'GRIN3A', 'CHRNA3', 'MAOB', 'CHRNA4']"
alfentanil,"['ALB', 'OPRM1', 'CYP3A7', 'ORM1', 'ABCB1', 'CYP3A4', 'CYP3A5']"
citalopram,"['HRH1', 'CYP2D6', 'ABCB1', 'CYP1A2', 'CYP3A4', 'SLC6A4', 'CYP2C19']"
diphenhydramine,"['CYP2C9', 'CYP2D6', 'PTGS1', 'SLC22A5', 'HRH1', 'CHRM2', 'CYP2C19']"
histamine,"['HRH2', 'HRH4', 'SLC18A2', 'SLC22A5', 'HRH3', 'HNMT', 'HRH1']"
alfuzosin,"['ALB', 'ADRA1B', 'ADRA1D', 'ORM1', 'ABCB1', 'CYP3A4', 'ADRA1A']"
carfilzomib,"['PSMB5', 'PSMB2', 'PSMB10', 'PSMB9', 'ABCB1', 'PSMB8', 'PSMB1']"
phentermine,"['NPY', 'SLC6A3', 'MAOB', 'CYP3A4', 'SLC6A4', 'SLC6A2', 'MAOA']"
macitentan,"['ALB', 'CYP2C9', 'CYP2C8', 'EDNRA', 'CYP3A4', 'CYP2C19', 'EDNRB']"
mitoxantrone,"['ABCG2', 'CYP1B1', 'TOP2A', 'ABCC1', 'CYP2E1', 'ABCB1', 'CYP3A4']"
daptomycin,"['ALB', 'HPX', 'SHBG', 'ORM1', 'ABCB1', 'LDLR', 'SERPINA1']"
chlorzoxazone,"['CYP2D6', 'KCNMA1', 'CYP2E1', 'CYP1A1', 'CYP1A2', 'CYP3A4', 'CYP2A6']"
trifluridine,"['ALB', 'TYMS', 'SLC29A1', 'TYMP', 'SLC22A6', 'SLC29A2', 'TK1']"
dolutegravir,"['ALB', 'ABCG2', 'UGT1A9', 'SLC22A8', 'SLC22A6', 'UGT1A1', 'ABCB1']"
fludrocortisone,"['ALB', 'SERPINA6', 'HSD11B1', 'NR3C1', 'NR3C2', 'HSD11B2', 'CYP3A4']"
hydrochlorothiazide,"['ALB', 'SLC22A8', 'KCNMA1', 'SLC22A6', 'ABCC4', 'SLC12A3', 'SLC22A11']"
cilostazol,"['CYP2C19', 'CYP3A7', 'CYP2D6', 'CYP1A2', 'CYP3A4', 'CYP3A5', 'PDE3A']"
darifenacin,"['CHRM1', 'CYP2D6', 'CHRM3', 'CHRM5', 'CYP3A4', 'CHRM4', 'CHRM2']"
ruxolitinib,"['ALB', 'CYP2C9', 'TYK2', 'JAK3', 'CYP3A4', 'JAK1', 'JAK2']"
guanidine,"['SLC22A8', 'RNASE1', 'DLG4', 'ALDH2', 'SLC22A4', 'SLC22A5', 'GAMT']"
deoxycholic acid,"['ABCB11', 'EFTUD1', 'GPBAR1', 'SLC10A2', 'GSTP1', 'SLC10A1', 'NR1H4']"
hydroxyzine,"['ALB', 'HRH1', 'CYP2D6', 'ABCB1', 'KCNH2', 'CYP3A4', 'CYP3A5']"
coagulation factor ix human,"['LRP1', 'F11', 'F10', 'F7', 'F8', 'GGCX', 'F2']"
lurasidone,"['DRD2', 'HTR7', 'ADRA2C', 'HTR2A', 'HTR1A', 'CYP3A4', 'ADRA2A']"
chlorpropamide,"['CYP2C9', 'SLC22A6', 'SLC15A1', 'PTGS1', 'SLC15A2', 'ABCC8', 'CYP2C19']"
procainamide,"['SCN5A', 'CYP2D6', 'SLC22A4', 'SLC22A5', 'KCNH2', 'DNMT1', 'BCHE']"
alemtuzumab,"['FCGR1A', 'CD52', 'FCGR2A', 'FCGR3A', 'FCGR2C', 'FCGR2B', 'FCGR3B']"
teniposide,"['ABCG2', 'CYP2C19', 'CYP2C9', 'ABCC6', 'TOP2A', 'CYP3A4', 'CYP3A5']"
telmisartan,"['ABCG2', 'ABCB11', 'ABCC2', 'AGTR1', 'PPARG', 'ABCB1', 'CYP2C19']"
meclofenamic acid,"['KCNQ2', 'SLC22A6', 'SERPINA7', 'PTGS1', 'PTGS2', 'KCNQ3', 'ALOX5']"
nebivolol,"['ALB', 'ADRB3', 'CYP2D6', 'ADRB1', 'ADRB2', 'CYP3A4', 'CYP2C19']"
desflurane,"['ALB', 'KCNA1', 'CYP2E1', 'GLRA1', 'ATP5D', 'MT-ND1', 'GRIA1']"
mefenamic acid,"['ALB', 'UGT1A9', 'CYP2C9', 'PTGS1', 'CYP2C8', 'PTGS2', 'CYP1A2']"
hydroxocobalamin,"['MTR', 'MMACHC', 'MMAA', 'AMN', 'MUT', 'CUBN', 'TCN1']"
dasabuvir,"['ABCG2', 'CYP2D6', 'ABCB5', 'UGT1A1', 'CYP2C8', 'ABCB1', 'CYP3A4']"
ticagrelor,"['ALB', 'CYP2C9', 'ABCB1', 'P2RY12', 'CYP3A4', 'CYP2B6', 'CYP3A5']"
hydrocodone,"['OPRM1', 'CYP2D6', 'SIGMAR1', 'CYP3A4', 'OPRD1', 'CYP2B6', 'CYP2C19']"
albendazole,"['TUBB4B', 'CYP1A1', 'ABCB1', 'CYP1A2', 'CYP3A4', 'CYP2C19', 'TUBA1A']"
treprostinil,"['CYP2C9', 'PPARD', 'PTGDR', 'CYP2C8', 'PTGER2', 'P2RY12', 'PTGIR']"
ixazomib,"['CYP2C9', 'CYP2D6', 'CYP2C8', 'CYP1A2', 'CYP3A4', 'CYP2B6', 'CYP2C19']"
palbociclib,"['ALB', 'CDK4', 'ABCG2', 'SULT2A1', 'ABCB1', 'CDK6', 'CYP3A4']"
avanafil,"['ALB', 'ABCG2', 'PDE5A', 'CYP2C9', 'ORM1', 'ABCB1', 'CYP3A4']"
etodolac,"['ALB', 'UGT1A9', 'CYP2C9', 'SLC22A6', 'PTGS1', 'RXRA', 'PTGS2']"
cytarabine,"['POLB', 'CDA', 'SLC29A1', 'DCK', 'NT5E', 'SLC22A4', 'CYP3A4']"
voriconazole,"['CYP2C19', 'CYP2C9', 'CYP3A7', 'PTGS1', 'CYP3A4', 'CYP2B6', 'CYP3A5']"
mexiletine,"['SCN5A', 'AHR', 'CYP2D6', 'CYP2E1', 'CYP1A2', 'CYP3A4', 'CYP2B6']"
tofacitinib,"['ALB', 'TYK2', 'JAK3', 'JAK1', 'CYP3A4', 'CYP2C19', 'JAK2']"
drospirenone,"['PON1', 'NR3C1', 'NR3C2', 'PTGS2', 'AR', 'CYP3A4', 'PGR']"
ethambutol,"['CYP2C9', 'CYP2D6', 'CYP2E1', 'CYP1A2', 'CYP3A4', 'CYP2A6', 'CYP2C19']"
cefotaxime,"['ALB', 'SLC22A8', 'SLC22A6', 'SLC15A1', 'SLC15A2', 'SLC22A7', 'SLC22A11']"
benzphetamine,"['SLC18A2', 'SLC6A3', 'CYP3A4', 'ADRA1A', 'POR', 'CYP2B6', 'ADRA2A']"
oxycodone,"['ALB', 'OPRM1', 'CYP2D6', 'OPRK1', 'CYP3A4', 'OPRD1', 'CYP3A5']"
anastrozole,"['CYP2C9', 'CYP2C8', 'CYP19A1', 'ABCB1', 'CYP1A2', 'CYP3A4', 'CYP3A5']"
colchicine,"['ALB', 'CYP2C8', 'CYP2E1', 'ABCB1', 'TUBB', 'CYP3A4', 'CYP2B6']"
pantoprazole,"['ABCG2', 'SLC22A8', 'DDAH1', 'ABCB1', 'ATP4A', 'CYP3A4', 'CYP2C19']"
ranitidine,"['HRH2', 'SLC22A8', 'CYP2D6', 'ACHE', 'ABCB1', 'CYP1A2', 'CYP3A4']"
paritaprevir,"['SLCO1B3', 'ABCG2', 'SLCO1B1', 'UGT1A1', 'ABCB1', 'CYP3A4', 'CYP3A5']"
zileuton,"['ALB', 'UGT1A9', 'CYP2C9', 'PTGS1', 'CYP1A2', 'CYP3A4', 'ALOX5']"
pralatrexate,"['ALB', 'SLCO1B3', 'ABCG2', 'TYMS', 'DHFR', 'ABCC2', 'FPGS']"
tacrolimus,"['ALB', 'SLCO1B1', 'ORM1', 'ABCB1', 'FKBP1A', 'CYP3A4', 'CYP3A5']"
fentanyl,"['ALB', 'OPRM1', 'CYP3A7', 'OPRK1', 'ABCB1', 'CYP3A4', 'OPRD1']"
enalapril,"['ALB', 'SLC22A8', 'SLC22A6', 'SLC15A1', 'ABCB1', 'SLC22A7', 'ACE']"
armodafinil,"['CYP2C19', 'CYP2C9', 'SLC6A3', 'CYP1A2', 'CYP3A4', 'CYP2B6', 'CYP3A5']"
lapatinib,"['CYP3A5', 'CYP2C8', 'ABCB1', 'CYP3A4', 'ERBB2', 'CYP2C19', 'EGFR']"
methyldopa,"['ALB', 'PNMT', 'DDC', 'COMT', 'SLC15A1', 'DBH', 'ADRA2A']"
alprostadil,"['ABCC5', 'PTGER1', 'PTGDR2', 'SLC22A6', 'PTGER2', 'ABCC4', 'SLCO2B1']"
irbesartan,"['ALB', 'CYP2C9', 'CYP2C8', 'PTGS1', 'AGTR1', 'JUN', 'CYP3A4']"
lacosamide,"['CYP2C9', 'SCN10A', 'SCN9A', 'SCN3A', 'CYP3A4', 'CYP2C19']"
cabozantinib,"['MET', 'CYP2C9', 'CYP2C8', 'KDR', 'CYP3A4', 'RET']"
dabigatran etexilate,"['ALB', 'UGT1A9', 'CES1', 'NQO2', 'ABCB1', 'F2']"
vardenafil,"['PDE5A', 'PDE6G', 'PDE6H', 'ABCB1', 'CYP3A4', 'CYP3A5']"
nabilone,"['CYP2C9', 'CYP2C8', 'CYP2E1', 'CNR1', 'CYP3A4', 'CNR2']"
belinostat,"['CYP2C9', 'UGT1A1', 'CYP2C8', 'ABCB1', 'CYP1A2', 'CYP3A4']"
quinapril,"['ALB', 'SLC22A8', 'CES1', 'SLC15A1', 'SLC15A2', 'ACE']"
delavirdine,"['CYP2C19', 'CYP2C9', 'CYP3A7', 'CYP2D6', 'CYP3A4', 'CYP3A5']"
pilocarpine,"['CHRM1', 'CHRM3', 'CYP3A4', 'CYP2A6', 'CHRM4', 'CHRM2']"
aclidinium,"['CHRM1', 'CHRM4', 'CHRM3', 'CHRM5', 'BCHE', 'CHRM2']"
clobazam,"['CYP2D6', 'ABCB1', 'CYP3A4', 'CYP2C18', 'CYP2B6', 'CYP2C19']"
ranolazine,"['ABCB11', 'CYP2D6', 'ORM1', 'ABCB1', 'ADRB1', 'CYP3A4']"
letrozole,"['ALB', 'CYP19A1', 'ABCB1', 'CYP3A4', 'CYP2A6', 'CYP2C19']"
ramelteon,"['CYP2C9', 'MTNR1A', 'CYP1A2', 'CYP3A4', 'MTNR1B', 'CYP2C19']"
brompheniramine,"['CHRM1', 'CHRM3', 'CHRM5', 'HRH1', 'CHRM4', 'CHRM2']"
darunavir,"['ALB', 'SLCO1B1', 'CYP2D6', 'ORM1', 'ABCB1', 'CYP3A4']"
leflunomide,"['ABCG2', 'CYP2C9', 'AHR', 'PTK2B', 'CYP1A2', 'DHODH']"
busulfan,"['GSTM1', 'GSTA1', 'MGST2', 'GSTP1', 'CYP3A4', 'GSTA2']"
decitabine,"['CMPK1', 'CDA', 'DNMT3B', 'DNMT3A', 'DCK', 'DNMT1']"
dactinomycin,"['ABCG2', 'ABCC6', 'ABCC1', 'TOP1', 'SLC22A5', 'ABCB1']"
phenylephrine,"['ADRA1B', 'ADRA1D', 'MAOB', 'CYP1A2', 'ADRA1A', 'MAOA']"
bendroflumethiazide,"['KCNMA1', 'TPMT', 'SLC12A3', 'CA1', 'CA4', 'CA2']"
netupitant,"['CYP3A43', 'CYP2C9', 'CYP2D6', 'ABCB1', 'CYP3A4', 'TACR1']"
candesartan,"['SLCO1B1', 'CYP2C9', 'CYP2C8', 'PTGS1', 'AGTR1', 'ABCB1']"
brinzolamide,"['CA3', 'CYP3A4', 'CA1', 'CA4', 'CA5A', 'CA2']"
pindolol,"['CYP2D6', 'HTR1B', 'ADRB1', 'HTR1A', 'ADRB2', 'ADRB3']"
trihexyphenidyl,"['ALB', 'CHRM1', 'CHRM3', 'CHRM5', 'CHRM4', 'CHRM2']"
potassium chloride,"['SLC12A7', 'SLC12A2', 'SLC12A4', 'SLC12A5', 'SLC12A1', 'SLC12A6']"
disulfiram,"['ABCB11', 'ALDH2', 'CYP2E1', 'DBH', 'CYP3A4', 'CYP3A5']"
methazolamide,"['CA7', 'SLC22A6', 'CA3', 'CA1', 'CA4', 'CA2']"
ampicillin,"['ALB', 'TEK', 'SLC15A1', 'SLC15A2', 'SLC22A5', 'SLC16A1']"
trimethadione,"['CYP2C9', 'CACNA1G', 'CYP2C8', 'CYP2E1', 'CYP3A4', 'CYP2C19']"
sapropterin,"['PAH', 'TH', 'PTGS2', 'ABCB1', 'NOS3', 'TPH1']"
cholecalciferol,"['CYP11A1', 'CYP2C8', 'CYP1A1', 'GC', 'VDR', 'CYP3A4']"
trabectedin,"['CYP2C9', 'CYP2D6', 'PTGS1', 'CYP2E1', 'CYP3A4', 'CYP2C19']"
esomeprazole,"['SLC22A8', 'DDAH1', 'ABCB1', 'ATP4A', 'CYP3A4', 'CYP2C19']"
orlistat,"['ALB', 'PNLIP', 'LIPF', 'PLA2G4A', 'CYP3A4', 'FASN']"
dorzolamide,"['CYP2C9', 'CYP2E1', 'CA3', 'CA1', 'CA4', 'CA2']"
bicalutamide,"['CYP2C9', 'CYP2D6', 'AR', 'ABCB1', 'CYP3A4', 'CYP2C19']"
prasugrel,"['ALB', 'CYP2C9', 'P2RY12', 'CYP3A4', 'CYP2B6', 'CYP2C19']"
felbamate,"['CYP2C9', 'GRIN2B', 'CYP2E1', 'CYP3A4', 'GRIN2A', 'CYP2C19']"
oseltamivir,"['SLC22A8', 'CES1', 'NEU1', 'SLC15A1', 'ABCC4', 'NEU2']"
cephalexin,"['ALB', 'SLC22A8', 'SLC15A1', 'SLC22A6', 'SLC15A2', 'SLC22A5']"
ospemifene,"['CYP2C9', 'CYP2D6', 'ESR1', 'CYP3A4', 'CYP2B6', 'CYP2C19']"
benzyl alcohol,"['CYP2D6', 'ALDH2', 'CYP2E1', 'CYP1A1', 'CYP2C8', 'CYP1A2']"
ezogabine,"['KCNQ2', 'UGT1A9', 'KCNQ5', 'KCNQ4', 'UGT1A1', 'KCNQ3']"
everolimus,"['SLCO1B3', 'SLCO1B1', 'CYP2D6', 'MTOR', 'ABCB1', 'CYP3A4']"
carisoprodol,"['GABRG2', 'GABRA1', 'GABRB2', 'CYP2C19', 'GABRA3', 'GABRA5']"
pomalidomide,"['PTGS2', 'ABCB1', 'CYP1A2', 'CYP3A4', 'CRBN', 'TNF']"
estramustine,"['MAP2', 'MAP1A', 'ESR1', 'ESR2', 'ABCB1', 'CYP3A4']"
cefdinir,"['MPO', 'SLC22A8', 'SLC15A1', 'SLC22A6', 'SLC15A2', 'SLC22A5']"
meprobamate,"['GABRA2', 'GABRA6', 'GABRA1', 'GABRA4', 'GABRA3', 'GABRA5']"
chloramphenicol,"['CYP2C19', 'CYP3A7', 'SLC22A6', 'CD55', 'CYP3A4', 'CYP3A5']"
dextroamphetamine,"['ADRA1B', 'CYP2D6', 'SLC6A3', 'SLC18A2', 'TAAR1', 'SLC6A2']"
temsirolimus,"['CYP3A7', 'CYP2D6', 'MTOR', 'ABCB1', 'CYP3A4', 'CYP3A5']"
pentamidine,"['CYP2C19', 'CYP2D6', 'CYP1A1', 'CYP4A11', 'TRDMT1', 'CYP3A5']"
thiothixene,"['ALB', 'DRD2', 'CYP2D6', 'HTR2A', 'CYP1A2', 'DRD1']"
aminophylline,"['HDAC2', 'ADORA1', 'CYP2E1', 'CYP1A2', 'CYP3A4', 'PDE3A']"
capecitabine,"['TYMS', 'CDA', 'CES1', 'CYP2C9', 'TYMP', 'DPYD']"
pimavanserin,"['HTR2C', 'CYP2D6', 'HTR2A', 'SIGMAR1', 'CYP3A4', 'CYP3A5']"
glipizide,"['ALB', 'ABCB11', 'CYP2C9', 'UGT1A1', 'PPARG', 'ABCC8']"
valdecoxib,"['UGT1A9', 'CYP2C9', 'CA3', 'PTGS2', 'CYP3A4', 'CA2']"
tamsulosin,"['ADRA1B', 'CYP2D6', 'ADRA1D', 'ORM1', 'CYP3A4', 'ADRA1A']"
eszopiclone,"['GABRA2', 'GABRA1', 'CYP2C8', 'CYP3A4', 'GABRA3', 'GABRA5']"
diazoxide,"['GLUL', 'ATP1A1', 'KCNJ11', 'KCNMA1', 'CA1', 'CA2']"
galantamine,"['CHRNA7', 'CYP2D6', 'ACHE', 'ABCB1', 'CYP3A4', 'BCHE']"
gabapentin,"['KCNQ5', 'CACNA2D1', 'ADORA1', 'KCNQ3', 'CACNA2D2', 'BCAT1']"
rufinamide,"['ALB', 'GRM5', 'CES1', 'CYP2E1', 'SCN9A', 'CYP3A4']"
mefloquine,"['ACHE', 'CYP19A1', 'ABCB1', 'ADORA2A', 'CYP3A4', 'BCHE']"
diflunisal,"['ALB', 'UGT1A9', 'SLC22A6', 'PTGS1', 'PTGS2', 'TTR']"
streptozocin,"['SLC2A2', 'CYP2E1', 'CYP1A1', 'ABCB1', 'CYP1A2', 'MGEA5']"
midodrine,"['ADRA1B', 'CYP2D6', 'SLC15A1', 'ADRA1D', 'ADRA1A']"
cefadroxil,"['SLC22A8', 'SLC15A1', 'SLC22A6', 'SLC15A2', 'SLC22A5']"
cefaclor,"['ABCB11', 'MPO', 'SLC22A8', 'SLC15A1', 'SLC15A2']"
caspofungin,"['SLCO1B3', 'SLCO1B1', 'SLC22A6', 'ABCB1', 'CYP3A4']"
afatinib,"['ERBB4', 'ABCG2', 'ABCB1', 'ERBB2', 'EGFR']"
varenicline,"['CHRNA7', 'CHRNA6', 'CHRNA3', 'CHRNA4', 'CHRNB2']"
metoprolol,"['ALB', 'CYP2D6', 'ADRB1', 'ADRB2', 'CYP3A4']"
ciclesonide,"['CES1', 'SERPINA6', 'CYP2D6', 'NR3C1', 'CYP3A4']"
toremifene,"['SHBG', 'CYP1A1', 'ESR1', 'ABCB1', 'CYP3A4']"
tolmetin,"['ALB', 'MPO', 'SLC22A6', 'PTGS1', 'PTGS2']"
pyridoxine,"['ALB', 'ALPL', 'CYP1A1', 'PDXK', 'PDXP']"
vorinostat,"['HDAC2', 'HDAC6', 'HDAC3', 'HDAC8', 'HDAC1']"
pramipexole,"['DRD2', 'DRD3', 'DRD4', 'HTR1A', 'ADRA2A']"
naratriptan,"['HTR1B', 'HTR1F', 'HTR1A', 'HTR1D', 'MAOA']"
zaleplon,"['CYP3A7', 'GABRA1', 'AOX1', 'CYP3A4', 'CYP3A5']"
naltrexone,"['OPRM1', 'UGT1A1', 'OPRK1', 'OPRD1', 'SIGMAR1']"
mometasone,"['NR3C1', 'CYP2C8', 'CYP3A4', 'PGR', 'CYP3A5']"
timolol,"['CYP2D6', 'ADRB1', 'ABCB1', 'ADRB2', 'CYP2C19']"
linezolid,"['ALB', 'SLC22A8', 'SLC22A6', 'MAOB', 'MAOA']"
mecasermin,"['INSR', 'IGFBP3', 'IGF1R', 'IGF2R', 'IGFALS']"
alendronic acid,"['PTPRS', 'ATP6V1A', 'FDPS', 'PTPN4', 'PTPRE']"
prednisolone,"['ALB', 'SERPINA6', 'NR3C1', 'ABCB1', 'CYP3A4']"
calcitriol,"['GC', 'HOXA10', 'CYP24A1', 'VDR', 'CYP3A4']"
lenalidomide,"['PTGS2', 'ABCB1', 'CDH5', 'TNFSF11', 'CRBN']"
codeine,"['OPRM1', 'CYP2D6', 'OPRK1', 'CYP3A4', 'OPRD1']"
ropivacaine,"['SCN10A', 'ORM1', 'CYP1A2', 'CYP3A4', 'CYP2B6']"
benzoic acid,"['SLC22A8', 'DAO', 'SLC15A1', 'SLCO2B1', 'SLC16A1']"
atenolol,"['ALB', 'ABCB11', 'CYP2D6', 'ADRB1', 'ADRB2']"
amoxicillin,"['ALB', 'SLC22A6', 'SLC15A1', 'CYP2C8', 'SLC15A2']"
digoxin,"['ABCB11', 'CYP11A1', 'SLCO1B1', 'ABCB1', 'ATP1A1']"
tazarotene,"['RARG', 'RARB', 'CYP2C8', 'RXRB', 'RARA']"
didanosine,"['ALB', 'SLC29A1', 'SLC22A6', 'SLC29A2', 'PNP']"
olmesartan,"['SLCO1B3', 'ABCB11', 'SLCO1B1', 'ABCC2', 'AGTR1']"
triclosan,"['NR1I3', 'TPO', 'NR1I2', 'PPARG', 'AR']"
pasireotide,"['SSTR5', 'SSTR2', 'SSTR1', 'CYP3A4', 'SSTR3']"
dexmedetomidine,"['CYP2D6', 'CYP2E1', 'CYP1A1', 'CYP1A2', 'ADRA2A']"
glimepiride,"['ABCB11', 'CYP2C9', 'KCNJ1', 'ABCC8', 'KCNJ11']"
octreotide,"['ALB', 'MPO', 'ABCC2', 'ABCB1', 'CYP3A4']"
desvenlafaxine,"['CYP2D6', 'SLC6A3', 'CYP3A4', 'SLC6A4', 'SLC6A2']"
desmopressin,"['PTGS1', 'AVPR2', 'PTGS2', 'AVPR1B', 'AVPR1A']"
pegvisomant,"['GLUL', 'CYP3A4', 'CYP4A11', 'GHR', 'BCHE']"
rivaroxaban,"['ABCG2', 'F10', 'ABCB1', 'CYP3A4', 'CYP3A5']"
fluoxymesterone,"['SHBG', 'NR3C1', 'AR', 'ESR1', 'HSD11B2']"
artemether,"['CYP2C19', 'CYP2C9', 'CYP3A4', 'CYP2B6', 'CYP3A5']"
triamterene,"['SCNN1B', 'SCNN1D', 'SCNN1G', 'CYP1A2', 'SCNN1A']"
etidronic acid,"['PTPRS', 'SLC25A6', 'ATP6V1A', 'SLC25A4', 'SLC25A5']"
abciximab,"['ITGA2B', 'VTN', 'ITGB3', 'FCGR2A', 'FCGR2B']"
sofosbuvir,"['ABCG2', 'CMPK1', 'HINT1', 'ABCB1', 'NME1']"
sitagliptin,"['SLC22A8', 'DPP4', 'CYP2C8', 'ABCB1', 'CYP3A4']"
ergocalciferol,"['CYP11A1', 'CYP27B1', 'GC', 'CYP24A1', 'VDR']"
trimethoprim,"['CYP2C9', 'CYP2C8', 'ABCB1', 'CYP1A2', 'CYP3A4']"
oxytetracycline,"['ALB', 'SLC22A8', 'SLC22A6', 'SLC22A7', 'SLC22A11']"
dutasteride,"['ALB', 'SRD5A2', 'ORM1', 'SRD5A1', 'CYP3A5']"
etomidate,"['CYP11B1', 'SLC2A1', 'GABRA1', 'ADRA2B', 'CYP11B2']"
fluconazole,"['CYP2C19', 'CYP2C9', 'ABCB1', 'CYP3A4', 'CYP3A5']"
vilazodone,"['CYP2D6', 'HTR1A', 'CYP3A4', 'SLC6A4', 'CYP2C19']"
bexarotene,"['RXRG', 'CYP2C8', 'RXRA', 'CYP3A4', 'RXRB']"
osimertinib,"['ABCG2', 'ABCB1', 'CYP1A2', 'CYP3A4', 'EGFR']"
arformoterol,"['CYP2C9', 'CYP2D6', 'ADRB2', 'CYP2A6', 'CYP2C19']"
fenoprofen,"['ALB', 'PTGS1', 'PTGS2', 'PPARG', 'PPARA']"
saxagliptin,"['SLC22A8', 'ABCC1', 'DPP4', 'CYP3A4', 'CYP3A5']"
bimatoprost,"['PTGER1', 'CYP3A4', 'PTGER3', 'CYP3A5', 'PTGFR']"
aminosalicylic acid,"['MPO', 'CHUK', 'PTGS2', 'PLA2G2E', 'ALOX5']"
peginterferon alfa-2b,"['CYP2C9', 'CYP2D6', 'IFNAR1', 'IFNAR2', 'CYP1A2']"
ribavirin,"['ADK', 'IMPDH2', 'SLC29A1', 'IMPDH1', 'NT5C2']"
rifapentine,"['CYP2C9', 'CYP2C8', 'CYP3A4', 'CYP2B6', 'CYP2C19']"
insulin detemir,"['ALB', 'IDE', 'INSR', 'IGF1R', 'CYP1A2']"
ramipril,"['BDKRB1', 'SLC15A1', 'SLC15A2', 'BCHE', 'ACE']"
venetoclax,"['ABCG2', 'SLCO1B1', 'ABCB1', 'CYP3A4', 'BCL2']"
nitrofurantoin,"['ABCG2', 'ABCB11', 'ABCC2', 'ABCB1', 'POR']"
teriflunomide,"['ABCG2', 'SLCO1B1', 'CYP2C8', 'CYP1A2', 'DHODH']"
valsartan,"['SLCO1B3', 'SLCO1B1', 'CYP2C9', 'ABCC2', 'AGTR1']"
riluzole,"['SCN5A', 'ABCG2', 'CYP1A1', 'SLC7A11', 'CYP1A2']"
alprazolam,"['ALB', 'CYP2C9', 'CYP3A7', 'CYP3A4', 'CYP3A5']"
iron dextran,"['FTH1', 'HBA1', 'TF', 'FTL', 'HBB']"
perampanel,"['CYP3A5', 'CYP1A2', 'CYP3A4', 'CYP2B6', 'GRIA1']"
terbutaline,"['ADRB1', 'SLC22A5', 'ADRB2', 'ADRB3', 'BCHE']"
riboflavin,"['MTHFR', 'RFK', 'SLC22A6', 'BLVRB', 'MAOA']"
deferasirox,"['UGT1A9', 'UGT1A1', 'CYP2C8', 'CYP1A2', 'CYP3A4']"
perindopril,"['SFRP4', 'SLC15A1', 'SLC15A2', 'BCHE', 'ACE']"
hydralazine,"['ALB', 'P4HA1', 'AOC3', 'HIF1A', 'CYP3A4']"
norelgestromin,"['ALB', 'STS', 'AR', 'CYP3A4', 'PGR']"
ibrutinib,"['ALB', 'BTK', 'CYP2D6', 'CYP3A4', 'CYP3A5']"
allopurinol,"['ABCG2', 'SLC22A8', 'XDH', 'AOX1', 'SLC22A7']"
hyoscyamine,"['CHRM1', 'ADCY1', 'CHRM3', 'CHRM4', 'CHRM2']"
alosetron,"['CYP2C9', 'CYP2E1', 'CYP1A2', 'CYP3A4', 'HTR3A']"
hydromorphone,"['ALB', 'CYP2C9', 'OPRM1', 'OPRK1', 'OPRD1']"
norgestrel,"['AR', 'CYP19A1', 'CYP3A4', 'SRD5A1', 'PGR']"
bupivacaine,"['PTGER1', 'SCN10A', 'CYP2D6', 'CYP3A4', 'CYP2C19']"
dacarbazine,"['CYP2E1', 'CYP1A1', 'POLA2', 'PGD', 'CYP1A2']"
pancuronium,"['BCHE', 'CHRM3', 'CHRNA2', 'CHRM2']"
betaxolol,"['CYP2D6', 'ADRB1', 'ADRB2', 'CYP1A2']"
topotecan,"['TOP1', 'ABCG2', 'ABCB1', 'TOP1MT']"
permethrin,"['SCN1A', 'CYP2B6', 'ESR1', 'NR1I2']"
oxybenzone,"['ESR1', 'AR', 'ESR2', 'PGR']"
oxymorphone,"['OPRM1', 'OPRD1', 'CYP2D6', 'CYP3A4']"
minoxidil,"['REN', 'KCNJ1', 'UGT1A1', 'PTGS1']"
benazepril,"['MTHFR', 'SLC15A2', 'SLC15A1', 'ACE']"
trastuzumab emtansine,"['ERBB2', 'CYP3A5', 'ABCB1', 'CYP3A4']"
pentazocine,"['OPRM1', 'OPRK1', 'ABCB1', 'SIGMAR1']"
camphor,"['TRPV3', 'TRPA1', 'TRPM8', 'TRPV1']"
nafcillin,"['ALB', 'SLC22A6', 'CYP1A2', 'CYP3A4']"
acebutolol,"['CYP2D6', 'ADRB1', 'ABCB1', 'ADRB2']"
tropicamide,"['CHRM1', 'CHRM4', 'CHRM3', 'CHRM2']"
trametinib,"['CYP2C8', 'MAP2K2', 'MAP2K1', 'CYP3A4']"
trandolapril,"['CES1', 'SLC15A2', 'SLC15A1', 'ACE']"
triazolam,"['CYP2C8', 'CYP3A5', 'CYP3A7', 'CYP3A4']"
acarbose,"['AMY2A', 'SI', 'GAA', 'MGAM']"
pentoxifylline,"['NT5E', 'ADORA2A', 'ADORA1', 'CYP1A2']"
misoprostol,"['PTGER3', 'PTGER2', 'PTGER1', 'PTGER4']"
phentolamine,"['ADRA1A', 'ADRA1B', 'ADRA1D', 'ADRA2A']"
molindone,"['CHRM1', 'DRD2', 'HTR1A', 'HTR2A']"
mivacurium,"['BCHE', 'CHRM3', 'CHRNA2', 'CHRM2']"
bisoprolol,"['ADRB1', 'ABCB1', 'ADRB2', 'CYP3A4']"
brimonidine,"['ADRA2C', 'AOX1', 'ADRA2A', 'ADRA2B']"
natalizumab,"['FCGR1A', 'ITGA4', 'ICAM1', 'FCGR3B']"
ombitasvir,"['ABCG2', 'ABCB1', 'UGT1A1', 'CYP2C8']"
enoxaparin,"['F2', 'F10', 'MPO', 'SERPINC1']"
tolvaptan,"['AVPR1A', 'ABCB1', 'CYP3A4', 'AVPR2']"
conivaptan,"['AVPR1A', 'ABCB1', 'CYP3A4', 'AVPR2']"
ropinirole,"['DRD2', 'DRD4', 'CYP1A2', 'DRD3']"
gemtuzumab ozogamicin,"['FCGR1A', 'FCGR3A', 'CD33', 'FCGR3B']"
glucosamine,"['IFNG', 'SLC2A1', 'SLC2A2', 'RELA']"
rizatriptan,"['HTR1D', 'HTR1B', 'MAOA', 'HTR1F']"
guanfacine,"['ADRA2B', 'CYP2C19', 'ADRA2A', 'CYP3A4']"
temozolomide,"['ALB', 'ABCG2', 'ORM1', 'ABCB1']"
rimexolone,"['SERPINA6', 'CYP3A5', 'NR3C1', 'CYP3A4']"
atovaquone,"['ABCB1', 'DHODH', 'CYP2C9', 'CYP3A4']"
hydroquinone,"['ALB', 'GAA', 'CYSLTR1', 'TYR']"
rifaximin,"['CYP2C8', 'NR1I2', 'CYP2C19', 'CYP3A4']"
idarubicin,"['CYP2D6', 'TOP2A', 'ABCC1', 'CYP2C9']"
indacaterol,"['ABCB1', 'UGT1A1', 'ADRB2', 'CYP3A4']"
alteplase,"['SERPINE1', 'PLG', 'FGG', 'FGA']"
insulin lispro,"['INSR', 'IGF1R', 'CYP1A2', 'IDE']"
dalteparin,"['SELP', 'VEGFA', 'SERPINC1', 'TFPI']"
tetrabenazine,"['CYP2D6', 'DRD2', 'CBR1', 'SLC18A2']"
isosorbide mononitrate,"['ADH5', 'GUCY1A2', 'XDH', 'GSTM1']"
dicloxacillin,"['ALB', 'SLC15A2', 'SLC15A1', 'CYP3A4']"
dobutamine,"['COMT', 'ADRB1', 'ESR1', 'ADRB2']"
fluorometholone,"['SERPINA6', 'CYP3A5', 'NR3C1', 'CYP3A4']"
apremilast,"['CYP2A6', 'ABCB1', 'CYP1A2', 'CYP3A4']"
st. john's wort,"['CYP2C19', 'CYP2D6', 'ABCB1', 'CYP3A4']"
eplerenone,"['NR3C2', 'CYP11B2', 'CYP3A5', 'CYP3A4']"
eliglustat,"['CYP2D6', 'ABCB1', 'UGCG', 'CYP3A4']"
sufentanil,"['OPRM1', 'OPRD1', 'OPRK1', 'CYP3A4']"
palonosetron,"['HTR3A', 'CYP2D6', 'CYP1A2', 'CYP3A4']"
sulfamethoxazole,"['ALB', 'ABCB11', 'CYP2C9', 'CYP3A4']"
etonogestrel,"['ALB', 'SHBG', 'PGR', 'CYP3A4']"
aprepitant,"['TACR1', 'CYP2C19', 'CYP2C9', 'CYP3A4']"
dofetilide,"['KCNJ12', 'KCNK2', 'KCNH2', 'CYP3A4']"
aprotinin,"['BCHE', 'PLG', 'KLK1', 'PRSS1']"
famotidine,"['HRH2', 'SLC22A8', 'SLC22A6', 'CYP1A2']"
doxycycline,"['ALB', 'ABCB5', 'SLC22A6', 'CYP3A4']"
tadalafil,"['PDE5A', 'PDE6G', 'PDE11A', 'CYP3A4']"
floxuridine,"['SERPINA7', 'TYMS', 'CYP2C9', 'TYMP']"
fludarabine,"['SLC29A1', 'DCK', 'RRM1', 'POLA1']"
dolasetron,"['HTR3A', 'CYP2D6', 'CYP2C9', 'CYP3A4']"
isotretinoin,"['ALB', 'RARG', 'RARA', 'CYP3A4']"
flurazepam,"['CYP2E1', 'CYP2A6', 'ABCB1', 'CYP3A4']"
ketorolac,"['CYP2C8', 'PTGS2', 'CYP2C9', 'PTGS1']"
mecamylamine,"['CHRNB2', 'CHRNA7', 'CHRNA2', 'CHRNA4']"
proguanil,"['CYP2D6', 'CYP2C19', 'DHFR', 'CYP2C9']"
cinacalcet,"['CYP2D6', 'CASR', 'CYP1A2', 'CYP3A4']"
lactic acid,"['SLC16A1', 'SLC16A7', 'SLC16A3', 'SLCO2B1']"
lisinopril,"['SLC15A2', 'REN', 'SLC15A1', 'ACE']"
lomefloxacin,"['TOP2A', 'ABCC2', 'SLC22A5', 'CYP1A2']"
balsalazide,"['PTGS2', 'ALOX5', 'PPARG', 'PTGS1']"
chlorothiazide,"['CA1', 'SLC22A6', 'SLC12A3', 'CA2']"
cevimeline,"['CHRM1', 'CHRM3', 'CYP2D6', 'CYP3A4']"
levofloxacin,"['ALB', 'SLC22A4', 'ABCB1', 'CYP2C9']"
mestranol,"['CYP2C8', 'ESR1', 'CYP2C9', 'CYP3A4']"
metformin,"['ETFDH', 'SLC29A4', 'PRKAB1', 'GPD1']"
ceritinib,"['ALK', 'ABCB1', 'CYP2C9', 'CYP3A4']"
pramlintide,"['CALCR', 'RAMP2', 'RAMP1', 'RAMP3']"
methyclothiazide,"['CA1', 'CA4', 'SLC12A1', 'CA2']"
ceftibuten,"['SLC15A1', 'SLC15A2', 'SLC22A6', 'SLC22A8']"
polythiazide,"['ALB', 'SLC12A3', 'SLC22A6', 'SLC22A8']"
azithromycin,"['PADI4', 'ABCC2', 'ABCB1', 'CYP3A4']"
liraglutide,"['ALB', 'GLP1R', 'MME', 'DPP4']"
clindamycin,"['CYP3A5', 'ORM1', 'ABCB1', 'CYP3A4']"
propylthiouracil,"['CYP1A1', 'DBH', 'MPO', 'TPO']"
sotalol,"['CYP2D6', 'ADRB1', 'KCNH2', 'ADRB2']"
clofarabine,"['RRM1', 'ABCG2', 'DCK', 'POLA1']"
clonazepam,"['CYP2E1', 'ALB', 'NR1I2', 'CYP3A4']"
levocetirizine,"['ALB', 'SLC22A11', 'HRH1', 'CYP3A4']"
quazepam,"['CYP2B6', 'CYP2C19', 'CYP2C9', 'CYP3A4']"
pyrimethamine,"['HEXB', 'DHFR', 'CYP2C8']"
succinylcholine,"['BCHE', 'CHRM3', 'CHRM2']"
vigabatrin,"['ABAT', 'SLC36A1', 'CYP2C9']"
rasagiline,"['MAOB', 'BCL2', 'CYP1A2']"
paricalcitol,"['CYP24A1', 'VDR', 'CYP3A4']"
pimecrolimus,"['FKBP1A', 'MTOR', 'CYP3A4']"
sulfadiazine,"['CYP2C8', 'CYP2C9', 'CYP3A4']"
trospium,"['CHRM1', 'CHRM3', 'CYP2D6']"
phendimetrazine,"['ADRA1A', 'ADRA1B', 'SLC6A2']"
selenium,"['GSR', 'SCLY', 'TXNRD1']"
tinzaparin,"['ITGA4', 'CXCL12', 'SERPINC1']"
panobinostat,"['CYP2D6', 'ABCB1', 'CYP3A4']"
remifentanil,"['OPRM1', 'OPRD1', 'OPRK1']"
sucralfate,"['PGA5', 'EGF', 'FGF2']"
"synthetic conjugated estrogens, a","['ESR1', 'SERPINA7', 'CYP3A4']"
podofilox,"['TUBA4A', 'TOP2A', 'TUBB']"
thiamine,"['ALB', 'SLC22A5', 'TPK1']"
ribociclib,"['CDK4', 'CDK6', 'CYP3A4']"
tiagabine,"['SLC6A1', 'UGT1A1', 'CYP3A4']"
"synthetic conjugated estrogens, b","['ESR1', 'SERPINA7', 'CYP3A4']"
pheniramine,"['HRH4', 'NR1I3', 'HRH1']"
thiotepa,"['BCHE', 'CYP2B6', 'CYP3A4']"
prochlorperazine,"['CYP2D6', 'DRD2', 'HRH1']"
vinorelbine,"['CYP2D6', 'TUBB', 'CYP3A4']"
rilonacept,"['IL1RN', 'IL1B', 'IL1A']"
telithromycin,"['SLCO1B3', 'SLCO1B1', 'CYP3A4']"
protriptyline,"['SLC6A4', 'ABCB1', 'SLC6A2']"
peginterferon alfa-2a,"['CYP1A2', 'IFNAR1', 'IFNAR2']"
temazepam,"['CYP2B6', 'CYP2C9', 'CYP3A4']"
rocuronium,"['HTR3A', 'CHRNA2', 'CHRM2']"
reteplase,"['SERPINE1', 'PLG', 'FGA']"
abacavir,"['ADK', 'HLA-B', 'UGT1A1']"
palifermin,"['FGFR2', 'FGFR1', 'HSPG2']"
insulin aspart,"['INSR', 'IGF1R', 'CYP1A2']"
exenatide,"['ALB', 'GLP1R', 'DPP4']"
flumazenil,"['GABRG2', 'GABRA1', 'GABRA5']"
flunisolide,"['SERPINA6', 'NR3C1', 'CYP3A4']"
fluorescein,"['ABCB11', 'ABCC1', 'SLC22A6']"
fosinopril,"['SLC15A2', 'SLC15A1', 'ACE']"
frovatriptan,"['HTR1D', 'HTR1B', 'CYP1A2']"
fulvestrant,"['ESR1', 'UGT1A1', 'CYP3A4']"
ganciclovir,"['SLC22A6', 'SLC22A8', 'SLC22A7']"
gentamicin,"['LRP2', 'ABCC2', 'DHFR']"
granisetron,"['CYP1A1', 'HTR3A', 'CYP3A4']"
griseofulvin,"['KRT12', 'CYP1A2', 'CYP3A4']"
imiquimod,"['TLR8', 'TLR7', 'CYP3A4']"
indapamide,"['ALB', 'SLC12A3', 'CYP3A4']"
insulin glargine,"['INSR', 'IGF1R', 'CYP1A2']"
mebendazole,"['CYP1A1', 'TUBB4B', 'TUBA1A']"
insulin glulisine,"['INSR', 'IGF1R', 'CYP1A2']"
interferon alfacon-1,"['CYP1A2', 'IFNAR1', 'IFNAR2']"
interferon beta-1a,"['CYP1A2', 'IFNAR1', 'IFNAR2']"
interferon beta-1b,"['CYP1A2', 'IFNAR1', 'IFNAR2']"
interferon gamma-1b,"['IFNGR1', 'CYP1A2', 'IFNGR2']"
abatacept,"['CTLA4', 'CD80', 'CD86']"
lanreotide,"['SSTR5', 'SSTR2', 'CYP3A4']"
latanoprost,"['SLC22A6', 'SLC22A8', 'PTGFR']"
levetiracetam,"['ABCB1', 'CACNA1B', 'SV2A']"
levobunolol,"['CYP2D6', 'ADRB1', 'ADRB2']"
levorphanol,"['OPRM1', 'OPRD1', 'OPRK1']"
linagliptin,"['ABCB1', 'DPP4', 'CYP3A4']"
lisdexamfetamine,"['CYP2D6', 'SLC15A1', 'TAAR1']"
ethotoin,"['SCN5A', 'SERPINA7', 'NR1I2']"
ethosuximide,"['CYP2E1', 'CACNA1G', 'CYP3A4']"
epoprostenol,"['PTGIR', 'PTGIS', 'P2RY12']"
epirubicin,"['PLA2G4A', 'TOP2A', 'ABCC1']"
acamprosate,"['GRM5', 'SLC22A6', 'GABBR1']"
alectinib,"['ABCG2', 'ABCB1', 'ALK']"
aliskiren,"['REN', 'ABCB1', 'CYP3A4']"
alogliptin,"['CYP2D6', 'DPP4', 'CYP3A4']"
aminocaproic acid,"['AOX1', 'PLG', 'PLAT']"
aminolevulinic acid,"['SLC15A2', 'ALAD', 'SLC15A1']"
apraclonidine,"['ADRA1A', 'ADRA2A', 'ADRA2B']"
auranofin,"['ALB', 'PRDX5', 'IKBKB']"
azelaic acid,"['SRD5A2', 'TYR', 'AKR1D1']"
baclofen,"['GABBR2', 'CXCR4', 'GABBR1']"
boceprevir,"['CYP3A5', 'ABCB1', 'CYP3A4']"
botulinum toxin type a,"['ALB', 'SNAP25', 'RHOB']"
brentuximab vedotin,"['TNFRSF8', 'ABCB5', 'CYP3A4']"
butorphanol,"['OPRM1', 'OPRD1', 'OPRK1']"
carteolol,"['CYP2D6', 'ADRB1', 'ADRB2']"
cefepime,"['SLC15A2', 'SLC22A5', 'SLC15A1']"
cefixime,"['SLC15A2', 'SLC22A5', 'SLC15A1']"
ceftizoxime,"['SLC15A1', 'SLC22A6', 'SLC22A8']"
chlorthalidone,"['ALB', 'CA1', 'SLC12A1']"
cilastatin,"['DPEP1', 'SLC22A6', 'SLC22A8']"
cysteamine,"['ALB', 'MPO', 'NPY2R']"
deflazacort,"['CYP3A5', 'NR3C1', 'CYP3A4']"
dexmethylphenidate,"['SLC6A4', 'SLC6A3', 'SLC6A2']"
dicyclomine,"['CHRM1', 'CHRM3', 'CHRM2']"
dienogest,"['AR', 'PGR', 'CYP3A4']"
doxylamine,"['ALB', 'NR1I3', 'HRH1']"
entacapone,"['CYP2D6', 'UGT1A9', 'COMT']"
lomustine,"['STMN4', 'CYP2D6', 'CYP3A4']"
ixabepilone,"['TUBB3', 'ABCB1', 'CYP3A4']"
obeticholic acid,"['NR1H4', 'ABCB11', 'CYP1A2']"
metipranolol,"['CYP2D6', 'ADRB1', 'ADRB2']"
milnacipran,"['SLC6A4', 'SLC6A2', 'CYP3A4']"
moxifloxacin,"['PON1', 'TOP2A', 'CYP1A2']"
nizatidine,"['BCHE', 'HRH2', 'ABCB1']"
nalbuphine,"['OPRM1', 'OPRD1', 'OPRK1']"
nadolol,"['ADRB1', 'ABCB1', 'ADRB2']"
nilutamide,"['POR', 'AR', 'CYP2C19']"
midazolam,"['CYP3A7', 'CYP3A5', 'CYP3A4']"
methoxsalen,"['CYP1A1', 'CYP2A6', 'CYP1A2']"
methylphenidate,"['SLC6A3', 'SLC6A2', 'HTR1A']"
nelarabine,"['ADA', 'POLA1', 'DCK']"
neostigmine,"['BCHE', 'ACHE']"
bromfenac,"['PTGS2', 'PTGS1']"
naphazoline,"['ADRA1A', 'ADRA2A']"
pembrolizumab,"['PDCD1', 'CD274']"
octocrylene,"['ESR1', 'ESR2']"
enalaprilat,"['BDKRB1', 'ACE']"
emtricitabine,"['ALB', 'DCK']"
stavudine,"['ALB', 'SLC22A6']"
elvitegravir,"['UGT1A1', 'CYP3A4']"
enfuvirtide,"['CYP2E1', 'CYP2C19']"
blinatumomab,"['CD3D', 'CD19']"
eprosartan,"['AGTR1', 'ABCC2']"
eribulin,"['BCL2', 'TUBB1']"
edoxaban,"['F10', 'ABCB1']"
siltuximab,"['IL6', 'CYP3A4']"
esmolol,"['CYP2D6', 'ADRB1']"
bleomycin,"['LIG1', 'LIG3']"
bivalirudin,"['F2', 'MPO']"
exemestane,"['CYP19A1', 'CYP3A4']"
bismuth subsalicylate,"['ALB', 'TF']"
filgrastim,"['CSF3R', 'ELANE']"
benzoyl peroxide,"['AZIN2', 'CAT']"
benzonatate,"['BCHE', 'SCN5A']"
salsalate,"['PTGS2', 'PTGS1']"
tinidazole,"['ABCB11', 'CYP3A4']"
foscarnet,"['SLC16A1', 'SLC22A6']"
edrophonium,"['BCHE', 'ACHE']"
nepafenac,"['PTGS2', 'PTGS1']"
sulfamethizole,"['ALB', 'CYP2C9']"
tolcapone,"['COMT', 'CYP2C9']"
cetirizine,"['ABCB1', 'HRH1']"
chloroprocaine,"['BCHE', 'SLC6A3']"
certolizumab pegol,"['AKR1A1', 'TNF']"
tirofiban,"['ITGB3', 'ITGA2B']"
clemastine,"['CYP2D6', 'HRH1']"
tizanidine,"['NISCH', 'CYP1A2']"
cyclopentolate,"['CHRM1', 'BCHE']"
nivolumab,"['PDCD1', 'CD274']"
tetracaine,"['RYR2', 'RYR1']"
tocilizumab,"['IL6R', 'CYP3A4']"
dantrolene,"['RYR1', 'SERPINA7']"
cefuroxime,"['SLC15A2', 'SLC15A1']"
nystatin,"['SLCO1B3', 'SLCO1B1']"
deferoxamine,"['XDH', 'APP']"
edetic acid,"['ADA', 'CYP19A1']"
nitroprusside,"['CYP1A1', 'NPR1']"
ceftazidime,"['ALB', 'SLC22A6']"
desloratadine,"['ABCB1', 'HRH1']"
nitroglycerin,"['NPR1', 'ALDH2']"
dexrazoxane,"['TOP2A', 'TOP2B']"
technetium tc-99m sestamibi,"['ABCB1', 'ABCC1']"
tazobactam,"['SLC22A6', 'SLC22A8']"
diethylpropion,"['SLC6A3', 'SLC6A2']"
dihydrocodeine,"['CYP2D6', 'CYP3A4']"
diphenoxylate,"['OPRM1', 'OPRD1']"
doripenem,"['DPEP1', 'SLC22A8']"
doxapram,"['KCNK3', 'KCNK9']"
droperidol,"['ADRA1A', 'DRD2']"
triprolidine,"['ALB', 'HRH1']"
cetrorelix,"['LHCGR', 'GNRHR']"
amifostine,"['ALPL', 'ALPPL2']"
isocarboxazid,"['MAOA', 'MAOB']"
ingenol mebutate,"['PRKCA', 'PRKCD']"
piperacillin,"['SLC22A6', 'SLC22A8']"
vedolizumab,"['ITGA4', 'ITGB7']"
oxacillin,"['SLC15A2', 'SLC15A1']"
ledipasvir,"['ABCG2', 'ABCB1']"
micafungin,"['COMT', 'ARSA']"
azacitidine,"['DNMT1', 'CDA']"
ziconotide,"['CACNA1B', 'CACNA1A']"
posaconazole,"['ABCB1', 'CYP3A4']"
ivabradine,"['HCN2', 'CYP3A4']"
pralidoxime,"['BCHE', 'ACHE']"
atezolizumab,"['PDCD1', 'CD274']"
olsalazine,"['IFNG', 'TPMT']"
antithrombin alfa,"['F2', 'F10']"
isosorbide dinitrate,"['CYP2E1', 'NPR1']"
oxaprozin,"['PTGS2', 'PTGS1']"
gatifloxacin,"['ALB', 'CYP1A2']"
isometheptene,"['ADRA1A', 'SLC18A2']"
omega-3-acid ethyl esters,"['SREBF1', 'SOAT1']"
anagrelide,"['CYP1A2', 'PDE3A']"
omalizumab,"['MS4A2', 'FCER1A']"
vecuronium,"['CHRNA2', 'ABCB1']"
pyrazinamide,"['AOX1', 'XDH']"
bacitracin,"['A2M', 'IDE']"
pregabalin,"['CACNA2D1', 'SLC1A1']"
oxandrolone,"['AR', 'CYP2C9']"
prednicarbate,"['NR3C1', 'CYP3A4']"
oxazepam,"['ALB', 'UGT1A9']"
roflumilast,"['CYP1A2', 'CYP3A4']"
belatacept,"['CD80', 'CD86']"
trovafloxacin,"['TOP2A', 'CYP1A2']"
rivastigmine,"['BCHE', 'ACHE']"
goserelin,"['LHCGR', 'GNRHR']"
maraviroc,"['CCR5', 'CYP3A4']"
acetic acid,"['SLC16A1', 'SLCO2B1']"
lubiprostone,"['CBR1', 'CLCN2']"
miltefosine,"['ABCB1', 'PLD1']"
bazedoxifene,"['ESR1', 'ESR2']"
magnesium,"['ALB', 'TRPM7']"
hydroxyurea,"['RRM1', 'CYP2D6']"
basiliximab,"['IL2RB', 'IL2RA']"
icatibant,"['BDKRB2', 'ANPEP']"
pegfilgrastim,"['CSF3R', 'ELANE']"
lumefantrine,"['CYP2D6', 'CYP3A4']"
methsuximide,"['CYP2C19', 'CACNA1G']"
penicillamine,['SLCO1B1']
triptorelin,['GNRHR']
cefotetan,['ALB']
alglucosidase alfa,['M6PR']
albiglutide,['GLP1R']
zanamivir,['NEU2']
tolazamide,['CYP2C9']
agalsidase beta,['M6PR']
acrivastine,['HRH1']
acetohydroxamic acid,['MMP12']
tiopronin,['MPO']
adalimumab,['TNF']
cangrelor,['P2RY12']
obinutuzumab,['MS4A1']
pegaspargase,['SERPINA7']
bendamustine,['CYP1A2']
trimetrexate,['DHFR']
belimumab,['TNFSF13B']
ustekinumab,['IL12B']
bisacodyl,['AQP3']
bedaquiline,['CYP3A4']
valrubicin,['TOP2A']
vancomycin,['ALB']
olaratumab,['PDGFRA']
ofatumumab,['MS4A1']
travoprost,['PTGFR']
carmustine,['GSR']
velaglucerase alfa,['GBA']
calcium chloride,['S100A13']
pegaptanib,['VEGFA']
trastuzumab,['ERBB2']
canakinumab,['IL1B']
anakinra,['IL1R1']
tranexamic acid,['PLG']
carbidopa,['DDC']
carbinoxamine,['HRH1']
carglumic acid,['CPS1']
menthol,['TRPM8']
doxercalciferol,['VDR']
chlorambucil,['GSTP1']
galsulfase,['PLIN3']
ranibizumab,['VEGFA']
metyrosine,['TH']
plerixafor,['CXCR4']
regadenoson,['ADORA2A']
miglustat,['UGCG']
infliximab,['TNF']
milrinone,['PDE3A']
imipenem,['DPEP1']
idursulfase,['PLIN3']
icodextrin,['AMY2A']
ibritumomab tiuxetan,['MS4A1']
hyaluronidase,['TGFB1']
histrelin,['GNRHR']
mitomycin,['POR']
rituximab,['MS4A1']
golimumab,['TNF']
gluconolactone,['LCT']
ramucirumab,['KDR']
metolazone,['SLC12A3']
iodipamide,['ALB']
lincomycin,['ORM1']
mepivacaine,['SCN10A']
prilocaine,['SCN5A']
mafenide,['CA6']
lorazepam,['CYP3A4']
procarbazine,['XDH']
methocarbamol,['CA1']
methohexital,['GABRA1']
propantheline,['CHRM1']
raltegravir,['UGT1A1']
levomefolic acid,['MTR']
methoxy polyethylene glycol-epoetin beta,['EPOR']
protirelin,['TRHR']
leuprolide,['GNRHR']
leucovorin,['SLC22A8']
quinupristin,['CYP3A4']
ipilimumab,['CTLA4']
gemifloxacin,['CYP1A2']
nafarelin,['GNRHR']
chlordiazepoxide,['CYP3A4']
naftifine,['SQLE']
dyclonine,['SCN10A']
mechlorethamine,['BCHE']
teduglutide,['GLP2R']
nitisinone,['HPD']
desirudin,['CPA1']
denosumab,['TNFSF11']
demeclocycline,['AVPR2']
degarelix,['GNRHR']
darbepoetin alfa,['EPOR']
daratumumab,['CD38']
teriparatide,['PTH1R']
tesamorelin,['GHRHR']
dalfopristin,['CYP3A4']
clidinium,['CHRM1']
pentostatin,['ADA']
ciclopirox,['ATP1A1']
chlorhexidine,['ALB']
ecallantide,['KLKB1']
sulfisoxazole,['CYP2C9']
eculizumab,['C5']
ertapenem,['ALB']
phenylacetic acid,['CES1']
phenol,['ALB']
flucytosine,['DNMT1']
famciclovir,['AOX1']
necitumumab,['EGFR']
neomycin,['CASR']
panitumumab,['EGFR']
sincalide,['SLCO1B3']
eflornithine,['ODC1']
eptifibatide,['ITGB3']
sodium acetate,['ACSS2']
phenazopyridine,['SCN1A']
pertuzumab,['ERBB2']
soybean oil,['PPARA']
streptomycin,['PADI4']
elotuzumab,['SLAMF7']
estazolam,['CYP3A4']
